sku,descripcion,categoria,familia,bidfood,central mayorista,interno,jumbo,otros,min_ext,max_ext,fuente_min,fuente_max,gap_min_pct,gap_max_pct
100093620,JALEA EN POLVO FRAMBUESA CARICIA 1 kg,BOLLERIA,POSTRES EN POLVO,,4109.243697478992,4650.0,,,4109.243697478992,4109.243697478992,central mayorista,central mayorista,-0.11629167796150719,-0.11629167796150719
100093780,JALEA EN POLVO NARANJA CARICIA 1 kg,BOLLERIA,POSTRES EN POLVO,,4109.243697478992,4650.0,,,4109.243697478992,4109.243697478992,central mayorista,central mayorista,-0.11629167796150719,-0.11629167796150719
101310213,CACAO AMARGO EDRA 1 Kg,REPOSTERIA,INGREDIENTES REPOSTERIA,,20140.056022408964,11500.0,,9243.697478991597,9243.697478991597,20140.056022408964,otros,central mayorista,-0.19620021921812203,0.75130921933991
101500120,"CHAMPIÃ‘ON LAMINADO ZANAFOODS 2,84 kg",CONSERVAS,VERDURAS,,,2670.18779342723,,,,,,,,
101520140,PALMITOS ESMERALDA 810 g,CONSERVAS,VERDURAS,,,4444.444444444444,,5591.866376180102,5591.866376180102,5591.866376180102,otros,otros,0.25816993464052285,0.25816993464052285
101520250,PALMITOS RODAJAS ESMERALDA 810 g,CONSERVAS,VERDURAS,,3340.3361344537816,3209.876543209876,,,3340.3361344537816,3340.3361344537816,central mayorista,central mayorista,0.04064318034906278,0.04064318034906278
101530550,PIÃ‘A EN RODAJAS ZANAFOODS 3 KG,CONSERVAS,FRUTAS,,,,,,,,,,,
101710090,TE EMBLEM CEYLAN IMP 100 BLS,CAFE Y DERIVADOS,TE Y OTRAS BEBIDAS CALIENTES,,9537.81512605042,15555.555555555555,,,9537.81512605042,9537.81512605042,central mayorista,central mayorista,-0.3868547418967587,-0.3868547418967587
101710133,TE CLUB ORIGINAL IMP 100BLS,CAFE Y DERIVADOS,TE Y OTRAS BEBIDAS CALIENTES,,,16500.0,,,,,,,,
101710137,TE EMBLEM CEYLAN PREMIUM IMP 100BLS,CAFE Y DERIVADOS,TE Y OTRAS BEBIDAS CALIENTES,,16106.442577030813,20000.0,,,16106.442577030813,16106.442577030813,central mayorista,central mayorista,-0.19467787114845936,-0.19467787114845936
101720006,TE EMBLEM PREMIUM GRANEL 225G,CAFE Y DERIVADOS,TE Y OTRAS BEBIDAS CALIENTES,,,11666.666666666666,,8478.057889822596,8478.057889822596,8478.057889822596,otros,otros,-0.2733093237294918,-0.2733093237294918
101820108,SALSA CHOCOLATE HERSHEY'S 680 g,BOLLERIA,SALSAS Y TOPPINGS,,,5514.705882352941,,9873.949579831933,9873.949579831933,9873.949579831933,otros,otros,0.7904761904761906,0.7904761904761906
102140420,ATUN AGUA VAN CAMPS 160 g IMPORTADO,CONSERVAS,PESCADOS EN CONSERVA,,4096.638655462185,7941.176470588236,,8350.840336134454,4096.638655462185,8350.840336134454,central mayorista,otros,-0.4841269841269842,0.051587301587301404
102200082,ESPIRALES DON VITTORIO 400 g NV,OTROS ABARROTES,PASTAS,,,1666.6666666666667,,2037.8151260504203,2037.8151260504203,2037.8151260504203,otros,otros,0.2226890756302522,0.2226890756302522
102200083,LINGUINI DON VITTORIO 400 g NV,OTROS ABARROTES,PASTAS,,,1666.6666666666667,,1888.655462184874,1888.655462184874,1888.655462184874,otros,otros,0.13319327731092434,0.13319327731092434
102200086,SPAGHETTI NÂ°5 DON VITTORIO 400 g NV,OTROS ABARROTES,PASTAS,,1554.6218487394958,1500.0,,2037.8151260504203,1554.6218487394958,2037.8151260504203,central mayorista,otros,0.036414565826330625,0.35854341736694684
102310110,NUTELLA & GO 52 g,OTROS ABARROTES,DULCES Y CHOCOLATES,,,26578.846153846156,,40239.17259211378,40239.17259211378,40239.17259211378,otros,otros,0.5139548330727994,0.5139548330727994
102310250,"ROCHER T-3 37,5 g",FS-Descontinuados,Ferrero - Ferrero,,,42105.26315789474,19346.405228758173,,19346.405228758173,19346.405228758173,jumbo,jumbo,-0.5405228758169934,-0.5405228758169934
102320340,FERRERO ROCHER T12 150 g,Ferrero,Chocolates - Rocher - Rocher,,,52000.0,,44201.68067226891,44201.68067226891,44201.68067226891,otros,otros,-0.1499676793794441,-0.1499676793794441
102500042,PENNE RIGATE BARILLA 500g,OTROS ABARROTES,PASTAS,,,4000.0,,5042.01680672269,5042.01680672269,5042.01680672269,otros,otros,0.26050420168067245,0.26050420168067245
103001080,"PEPPERONI ULTRADELGADO SUGARDALE 5,67 kg",JAMONES Y CECINAS,EMBUTIDOS Y FIAMBRES,,13237.7656945131,9686.94885361552,,,13237.7656945131,13237.7656945131,central mayorista,central mayorista,0.36655678630658683,0.36655678630658683
104254040,PAN CIABATTA PAGNIFIQUE 129 g,BOLLERIA,PANES PARA HORNEAR,,,5071.982281284607,,,,,,,,
104254140,"PROFITEROL BAÃ‘ADO CHOC POPPIES 17,5 g",BOLLERIA,BOLLERÃA LISTA PARA COMER,,,,,,,,,,,
104254150,DONUT RELLENA CHOCOLATE AVELLANA Â 68 g,BOLLERIA,BOLLERÃA LISTA PARA COMER,,,9160.539215686274,,12612.7656945131,12612.7656945131,12612.7656945131,otros,otros,0.3768584356819651,0.3768584356819651
104300500,"COLIFLOR IQF ARDO 2,5 kg",FRUTAS Y VERDURAS CONGELADAS,VERDURAS,,,2250.0,,,,,,,,
104300530,"PRIMAVERA VERDURAS IQF ARDO 2,5 kg",FRUTAS Y VERDURAS CONGELADAS,MEZCLAS ESPECIALES,,,2000.0,,2215.126050420168,2215.126050420168,2215.126050420168,otros,otros,0.1075630252100841,0.1075630252100841
104301050,"ARVEJAS IQF ARDO  2,5 kg",FRUTAS Y VERDURAS CONGELADAS,VERDURAS,,,2350.0,,,,,,,,
104303640,PASTA CHOCLO MINUTO VERDE 1 kg,FRUTAS Y VERDURAS CONGELADAS,GUARNICIONES LISTAS,,,2500.0,3085.714285714286,,3085.714285714286,3085.714285714286,jumbo,jumbo,0.2342857142857142,0.2342857142857142
104321070,"CHAMPIÃ‘ON LAMINADO IQF ARDO 2,5 kg",FRUTAS Y VERDURAS CONGELADAS,VERDURAS,,2584.8739495798322,2640.0,,,2584.8739495798322,2584.8739495798322,central mayorista,central mayorista,-0.02088107970460895,-0.02088107970460895
104330690,"PAPA STEAKHOUSE 8/18 mm AVIKO 2,5 kg",PAPAS,PAPAS ESPECIALES,,,,,,,,,,,
104340050,CAMARON ECU CRUDO C/ CASCARA 36/40 1 KG,PESCADOS Y MARISCOS,CAMARONES,,10915.966386554623,7590.0,,8319.327731092437,8319.327731092437,10915.966386554623,otros,central mayorista,0.0960906101571064,0.4382037399940215
104340780,CAMARON COCIDO PELADO 100/200 IQF 1 KG,PESCADOS Y MARISCOS,CAMARONES,,,5700.0,,6638.6554621848745,6638.6554621848745,6638.6554621848745,otros,otros,0.1646763968745395,0.1646763968745395
104343100,"POLLO ENTERO 1,8 ARGENTINA CJ 18 KG",POLLO,ENTERO,,,0.0,,,,,,,,
104351590,MINI TOP HOJALDRE CHOCOLATE BERLYS 55 g,BOLLERIA,BOLLERIA PARA HORNEAR,,,4963.636363636364,,6415.584415584416,6415.584415584416,6415.584415584416,otros,otros,0.2925170068027212,0.2925170068027212
104351690,EMPANADA QUESO RAVIOLERA 21 G,ACEITUNAS Y ENCURTIDOS,DESCONTINUADOS,,,3025.7936507936506,6986.127784447112,5476.357209550487,5476.357209550487,6986.127784447112,otros,jumbo,0.8098911695825872,1.3088579694172755
104360380,DESCONTINUADO CREMA SPRAY50%-50%VEGHOPLA,BOLLERIA,CREMAS,,,,,,,,,,,
104500500,"QUESO MOZZARELLA MOLFINO 3,5 kg",LACTEOS,QUESOS,,,6590.0,,5441.776710684274,5441.776710684274,5441.776710684274,otros,otros,-0.17423722144396447,-0.17423722144396447
104500540,FILETE CERTIFIED ANGUS BEEF,VACUNO CONGELADO,CARNES CERTIFICADAS,,,42000.0,,,,,,,,
104500560,LOMO LISO CERTIFIED ANGUS BEEF,VACUNO CONGELADO,CARNES CERTIFICADAS,,,31000.0,,,,,,,,
104500730,LOMO VETADO CERTIFIED ANGUS BEEF,VACUNO CONGELADO,CARNES CERTIFICADAS,,,35500.0,31084.03361344538,,31084.03361344538,31084.03361344538,jumbo,jumbo,-0.12439341933956682,-0.12439341933956682
104500740,LOMO VETADO C/H CERTIFIED ANGUS BEEF,VACUNO CONGELADO,CARNES CERTIFICADAS,,,31000.0,31084.03361344538,,31084.03361344538,31084.03361344538,jumbo,jumbo,0.002710761724044497,0.002710761724044497
104500760,ENTRAÃ‘A CERTIFIED ANGUS BEEF,VACUNO CONGELADO,CARNES CERTIFICADAS,,,26900.0,,,,,,,,
104500810,"SUCRALOSA MINI ICB 0,5 G",OTROS ABARROTES,MINI PORCIONES,,24898.848428260193,18900.0,,,24898.848428260193,24898.848428260193,central mayorista,central mayorista,0.3173993877386345,0.3173993877386345
104500860,ACEITE VEGETAL 5 l,ACEITES Y VINAGRES,ACEITES VEGETALES,,15462.18487394958,2200.0,,1510.9243697478992,1510.9243697478992,15462.18487394958,otros,central mayorista,-0.3132161955691367,6.028265851795264
104501110,HUEVO GRANDE BLANCO,OTROS ABARROTES,HUEVOS,,,3816.425120772947,,,,,,,,
104501170,AZUCAR MINI LAVAZZA 5 g,OTROS ABARROTES,MINI PORCIONES,,,3375.0,,4178.571428571428,4178.571428571428,4178.571428571428,otros,otros,0.23809523809523814,0.23809523809523814
104501190,"SUCRALOSA MINI LAVAZZA 0,5 G",OTROS ABARROTES,MINI PORCIONES,,,18990.0,,37932.7731092437,37932.7731092437,37932.7731092437,otros,otros,0.9975130652576989,0.9975130652576989
104501230,AZUCAR MINI ICB 5 g,OTROS ABARROTES,MINI PORCIONES,,,3375.0,,,,,,,,
104510260,TAZA ESPRESSO LAVAZZA,CAFE Y DERIVADOS,ACCESORIOS,,,11591.478696741853,,,,,,,,
104510290,TAZA CAPPUCCINO LAVAZZA,CAFE Y DERIVADOS,ACCESORIOS,,,9216.589861751152,,,,,,,,
104511850,OREGANO 1 kg,CONDIMENTOS,ESPECIAS,,,7650.0,,,,,,,,
104512020,SEMOLA CAROZZI 1 kg,BOLLERIA,HARINAS Y SEMOLAS,,,2166.6666666666665,,2176.470588235294,2176.470588235294,2176.470588235294,otros,otros,0.004524886877828038,0.004524886877828038
104512160,TORTILLAS PANCHO VILLA 28 cm 12 uds.,OTROS ABARROTES,TORTILLAS DE MAIZ,,4771.908763505402,3950.6172839506175,,3309.471936922917,3309.471936922917,4771.908763505402,otros,central mayorista,-0.16228991596638676,0.20788940576230486
104512230,ACEITE OLIVA E/VIRGEN OLITALIA 5 l,ACEITES Y VINAGRES,ACEITES DE OLIVA,,,9100.0,16789.915966386554,,16789.915966386554,16789.915966386554,jumbo,jumbo,0.8450457105919289,0.8450457105919289
104512290,GALLETA CHAMPAÃ‘A COSTA 140 g,OTROS ABARROTES,GALLETAS,,9003.60144057623,8333.333333333334,12545.018007202882,,9003.60144057623,12545.018007202882,central mayorista,jumbo,0.0804321728691475,0.5054021608643458
104512360,COBERTURA MOLDER CHOCOLATE CAROZZI 1 kg,BOLLERIA,INGREDIENTES REPOSTERIA,,,7150.0,,6714.285714285715,6714.285714285715,6714.285714285715,otros,otros,-0.060939060939060874,-0.060939060939060874
104512690,"ACEITE SOYA MULTIPROPOSITO 17,25 l",ACEITES Y VINAGRES,ACEITES VEGETALES,,,2959.697732997481,,,,,,,,
104512950,SALSA QUESO CHEDDAR BOLSA C/DISPEN 4 kg,SALSAS Y ADEREZOS,SALSAS ESPECIALES,,,4718.75,14756.302521008403,5121.1134453781515,5121.1134453781515,14756.302521008403,otros,jumbo,0.08526907451722421,2.1271634481607213
104512990,AZUCAR FLOR CAMSA 1 kg,BOLLERIA,INGREDIENTES REPOSTERIA,,,1700.0,,1504.201680672269,1504.201680672269,1504.201680672269,otros,otros,-0.11517548195748883,-0.11517548195748883
104513000,ARROZ G2 MIRAFLORES NACIONAL 1 kg,OTROS ABARROTES,ARROZ,,,,,2016.8067226890757,2016.8067226890757,2016.8067226890757,otros,otros,,
104514870,ACETO BALSAMICO OLITALIA 5 l,ACEITES Y VINAGRES,ACETOS BALSAMICOS,,,3030.0,,,,,,,,
104515110,"POROTO VERDE C/FRANC IQF ARDO 2,5 kg",FRUTAS Y VERDURAS CONGELADAS,VERDURAS,,1798.3193277310925,2150.0,,,1798.3193277310925,1798.3193277310925,central mayorista,central mayorista,-0.16357240570646858,-0.16357240570646858
104515390,CORDERO GARRON DELANTERO,CORDERO,PORCIONADOS,,,12300.0,,,,,,,,
104515400,CORDERO GARRON TRASERO,CORDERO,PORCIONADOS,,,13400.0,,20059.63675792898,20059.63675792898,20059.63675792898,otros,otros,0.49698781775589396,0.49698781775589396
104515580,CROISSANT PLUS 100 g,BOLLERIA,BOLLERIA PARA HORNEAR,,,5714.285714285714,,,,,,,,
104515840,LECHE EN POLVO VENDING FAS 500 g,CAFE Y DERIVADOS,INSUMOS VENDING,,,12000.0,,,,,,,,
104516010,ACEITUNA NEGRA RODAJA 936 g,ACEITUNAS Y ENCURTIDOS,ACEITUNAS,,2439.775910364146,5384.615384615385,9747.899159663866,,2439.775910364146,9747.899159663866,central mayorista,jumbo,-0.5468987595038015,0.8103241296518608
104516280,VAINILLA EN POLVO VENDING FAS 1 kg,CAFE Y DERIVADOS,INSUMOS VENDING,,,14000.0,,,,,,,,
104517000,"HELADO VAINILLA COPPELIA 4,5 l",BOLLERIA,HELADOS,,2033.6134453781513,6111.11111111111,,,2033.6134453781513,2033.6134453781513,central mayorista,central mayorista,-0.6672268907563025,-0.6672268907563025
104517100,"HELADO CHOCOLATE COPPELIA 4,5 l",BOLLERIA,HELADOS,,,6111.11111111111,,,,,,,,
104517140,"HELADO FRUTILLA COPPELIA 4,5 l",BOLLERIA,HELADOS,,,6111.11111111111,,,,,,,,
104517170,NUTELLA BALDE 3 kg,BOLLERIA,INGREDIENTES REPOSTERIA,,17947.17887154862,11000.0,,10616.246498599441,10616.246498599441,17947.17887154862,otros,central mayorista,-0.03488668194550537,0.631561715595329
104518190,TAZA Y PLATO AMERICANO PREMIUM LAVAZZA,CAFE Y DERIVADOS,ACCESORIOS,,,14761.904761904761,,,,,,,,
104518330,WAFFLE BERLYS 90 g,BOLLERIA,BOLLERÃA LISTA PARA COMER,,,9962.962962962962,,13232.181761593527,13232.181761593527,13232.181761593527,otros,otros,0.32813720283652525,0.32813720283652525
104518690,PUNTA PALETA CERTIFIED ANGUS BEEF,VACUNO CONGELADO,CARNES CERTIFICADAS,,,15500.0,,,,,,,,
104518830,TOMAHAWK CERTIFIED ANGUS BEEF,VACUNO CONGELADO,CARNES CERTIFICADAS,,,37000.0,,,,,,,,
104518870,TILAPIA FILETE S/P 1kg 140-200g IMPORTAD,PESCADOS Y MARISCOS,PESCADOS,,,5990.0,,,,,,,,
104518880,PANGASIUS FILETE S/P 1kg 170-220g IMPORT,PESCADOS Y MARISCOS,PESCADOS,,,3198.0,,,,,,,,
104518890,SURTIDO MARISCOS SILVER  1kg IMPORTADO,PESCADOS Y MARISCOS,MARISCOS Y MOLUSCOS,,,3298.0,,,,,,,,
104518900,REINETA FILETE S/P S/E 1kg 200-400 g IMP,PESCADOS Y MARISCOS,PESCADOS,,,6990.0,,,,,,,,
104518910,PULPA JUGO FRUTILLA C/AZUCAR 1 kg,FRUTAS Y VERDURAS CONGELADAS,JUGOS Y PULPAS,,,3400.0,,,,,,,,
104518920,MERLUZA C/P S/E  1 kg 170-220g IMPORTADA,PESCADOS Y MARISCOS,PESCADOS,,,4590.0,,,,,,,,
104518970,PULPA JUGO MANGO C/AZUCAR 1 kg,FRUTAS Y VERDURAS CONGELADAS,JUGOS Y PULPAS,,,4590.0,,,,,,,,
104518980,SURTIDO MARISCOS GOLD  1kg IMPORTADO,PESCADOS Y MARISCOS,MARISCOS Y MOLUSCOS,,,3790.0,,4529.411764705883,4529.411764705883,4529.411764705883,otros,otros,0.19509545242899295,0.19509545242899295
104518990,ANILLOS CALAMAR IQF 1kg IMPORTADO,PESCADOS Y MARISCOS,DESCONTINUADOS,,,6600.0,,,,,,,,
104519090,"QUESO REGGIANITO LA PAULINA 7,5 kg",LACTEOS,QUESOS,,14705.882352941177,9900.0,,16806.722689075632,14705.882352941177,16806.722689075632,central mayorista,otros,0.48544266191325014,0.697648756472286
104519180,TRUTRO ENTERO INTERFOLIADO BRASIL 15 kg,POLLO,DESCONTINUADOS,2190.0,,3300.0,,,2190.0,2190.0,bidfood,bidfood,-0.3363636363636363,-0.3363636363636363
104519250,ACEITE VEGETAL LOS SILOS 900 ml,ACEITES Y VINAGRES,ACEITES VEGETALES,,,,,1373.482726423903,1373.482726423903,1373.482726423903,otros,otros,,
104519290,CAMARON CRUDO PELADO DESVENADO 36/40 1KG,PESCADOS Y MARISCOS,CAMARONES,,,7990.0,,9235.29411764706,9235.29411764706,9235.29411764706,otros,otros,0.15585658543767944,0.15585658543767944
104519510,PULPA JUGO LIMON S/AZUCAR 1 kg,FRUTAS Y VERDURAS CONGELADAS,JUGOS Y PULPAS,,,4200.0,,,,,,,,
104519650,CHOCLO GRANO IQF ARDO 1 kg,FRUTAS Y VERDURAS CONGELADAS,VERDURAS,,3189.915966386555,2550.0,2848.7394957983192,,2848.7394957983192,3189.915966386555,jumbo,central mayorista,0.11715274345032123,0.2509474377986489
104519700,HABAS FINAS IQF ARDO 1 kg,FRUTAS Y VERDURAS CONGELADAS,VERDURAS,,,3080.0,,3857.1428571428573,3857.1428571428573,3857.1428571428573,otros,otros,0.25231910946196656,0.25231910946196656
104519800,LECHE DESCREMADA COLUN 1 l,LACTEOS,LECHES,1198.0,,1491.6666666666667,,1168.0672268907563,1168.0672268907563,1198.0,otros,bidfood,-0.21693817191681153,-0.19687150837988832
104519840,CARNE MOLIDA 6% MG 1 KG,ELABORADOS CARNICOS CONGELADOS,ELABORADOS,,,6690.0,,,,,,,,
104519860,SALMON AHUMADO LAMINADO 500g cong,PESCADOS Y MARISCOS,PESCADOS,,,21580.0,5529.411764705883,26890.75630252101,5529.411764705883,26890.75630252101,jumbo,otros,-0.743771465954315,0.24609621420393935
104519920,ARROZ G1 MIRAFLORES 1 kg,OTROS ABARROTES,ARROZ,1845.0,1369.747899159664,2300.0,,2008.4033613445379,1369.747899159664,2008.4033613445379,central mayorista,otros,-0.40445743514797217,-0.12678114724150524
104519930,"QUESO GAUDA MOLFINO 3,9 kg",LACTEOS,QUESOS,,,6990.0,,7142.857142857143,7142.857142857143,7142.857142857143,otros,otros,0.021867974657674205,0.021867974657674205
104520060,DURAZNO MITADES ZANAFOODS 3 kg,CONSERVAS,DESCONTINUADOS,,2264.6346674262927,2777.777777777778,,,2264.6346674262927,2264.6346674262927,central mayorista,central mayorista,-0.18473151972653468,-0.18473151972653468
104520070,DURAZNO TROCITOS ZANAFOODS 3 kg,CONSERVAS,FRUTAS,,,2777.777777777778,,,,,,,,
104520350,PLACA 30x30 cm LAVAZZA,CAFE Y DERIVADOS,ACCESORIOS,,,87500.0,,,,,,,,
104520580,ENTRAÃ‘A CHOICE USA,FS-Proteinas,Vacuno - Vacuno,,,23890.0,,,,,,,,
104520620,ARROZ G2 TUCAPEL NACIONAL 2 kg,OTROS ABARROTES,ARROZ,,1369.747899159664,2092.4,,1953.781512605042,1369.747899159664,1953.781512605042,central mayorista,otros,-0.34536995834464534,-0.06624856021552195
104520680,NUGGET CROCANTE SADIA 3 kg,ELABORADOS DE POLLO-CERDO,APANADOS,,5182.072829131653,4000.0,,4366.946778711485,4366.946778711485,5182.072829131653,otros,central mayorista,0.09173669467787127,0.2955182072829132
104520700,POROTO VERDE CORTE FRANCES ARDO 1 kg,FRUTAS Y VERDURAS CONGELADAS,VERDURAS,,1798.3193277310925,2200.0,,,1798.3193277310925,1798.3193277310925,central mayorista,central mayorista,-0.18258212375859428,-0.18258212375859428
104520710,BROCOLI ARDO 1 kg,FRUTAS Y VERDURAS CONGELADAS,VERDURAS,,,2833.3333333333335,,,,,,,,
104520790,"QUESO MOZZARELLA HEBRA LEPRINO 6,8 kg",LACTEOS,QUESOS,,,8352.94117647059,,,,,,,,
104520830,PAN BAGUETTE SANDWICH PAGNIFIQUE 133 g,BOLLERIA,PANES PARA HORNEAR,,,2822.630346357698,,,,,,,,
104520880,PECHUGA POLLO COC GRILL 10 KG 80-140 G,ELABORADOS DE POLLO-CERDO,ELABORADOS COCIDOS,,,8500.0,,,,,,,,
104520990,AZUCAR G2 IANSA 25 kg,OTROS ABARROTES,AZUCAR Y ENDULZANTES,,,1400.0,,,,,,,,
104521140,"CAFE STICK NESCAFE 1,8 g",CAFE Y DERIVADOS,CAFES SOLUBLES,62793.20987654321,69118.5565135145,82500.0,,60474.80720683336,60474.80720683336,69118.5565135145,otros,central mayorista,-0.2669720338565654,-0.162199314987703
104521200,AZUCAR MINI IANSA 5 g,OTROS ABARROTES,MINI PORCIONES,,,3375.0,,3716.386554621849,3716.386554621849,3716.386554621849,otros,otros,0.10115157173980704,0.10115157173980704
104521430,PULPA PIERNA CERDO 1/16 IWP BRASIL 21 kg,CERDO,PULPAS,,,4090.0,,,,,,,,
104521580,SALSA CHOCOLATE 1 l,FS-Abarrotes FS,Otros Abarrotes FS - Otros,8675.0,3907.563025210084,3500.0,,,3907.563025210084,8675.0,central mayorista,bidfood,0.11644657863145258,1.4785714285714286
104521640,ACEITE OLIVA NUTRICAMPO 5 l,ACEITES Y VINAGRES,ACEITES DE OLIVA,,9746.218487394959,8000.0,,6384.873949579832,6384.873949579832,9746.218487394959,otros,central mayorista,-0.20189075630252107,0.21827731092436986
104521670,ATUN STEAK IVP 210 - 240 GR CJ 5 KG,PESCADOS Y MARISCOS,PESCADOS,,,10090.0,,13436.974789915967,13436.974789915967,13436.974789915967,otros,otros,0.33171207035837136,0.33171207035837136
104521710,DONUT RELLENA DULCE LECHE POPPIES 66 g,BOLLERIA,BOLLERIA PARA HORNEAR,,,9438.131313131313,,,,,,,,
104521720,PAN HAMBURGUESA BRIOCHE 12 CM,BOLLERIA,PANES LISTOS PARA COMER,3450.5714285714284,,3748.326639892905,,,3450.5714285714284,3450.5714285714284,bidfood,bidfood,-0.07943683673469393,-0.07943683673469393
104521730,ARROLLADO JAMON QUESO 2 kg,APERITIVOS,APERITIVOS ORIENTALES,,,10175.0,,11046.218487394959,11046.218487394959,11046.218487394959,otros,otros,0.08562343856461507,0.08562343856461507
104521750,ENTRAÃ‘A S/PIEL CERTIFIED ANGUS BEEF,VACUNO CONGELADO,CARNES CERTIFICADAS,,,39500.0,,,,,,,,
104521770,"CHOCLO GRANO IQF ARDO 2,5 kg",FRUTAS Y VERDURAS CONGELADAS,VERDURAS,,3189.915966386555,2500.0,1680.6722689075632,,1680.6722689075632,3189.915966386555,jumbo,central mayorista,-0.32773109243697474,0.275966386554622
104521820,ARROLLADO PRIMAVERA 2 kg,APERITIVOS,APERITIVOS ORIENTALES,,,7727.5,,6820.168067226891,6820.168067226891,6820.168067226891,otros,otros,-0.11741597318319108,-0.11741597318319108
104521840,"TOCINO LAMINADO SUGARDALE 6,8 kg",JAMONES Y CECINAS,TOCINOS,10549.0,,10439.705882352942,,10250.247157686605,10250.247157686605,10549.0,otros,bidfood,-0.018147898686168396,0.01046908015213388
104521960,ACEITE MARAVILLA MINI RELKON 8 ml,ACEITES Y VINAGRES,MINI PORCIONES,,,4708.333333333334,,7310.9243697479,7310.9243697479,7310.9243697479,otros,otros,0.5527626979995537,0.5527626979995537
104522060,KETCHUP SACHET HELLMANNS 8 G,SALSAS Y ADEREZOS,MINI PORCIONES,,5042.01680672269,5918.560606060606,,11533.613445378152,5042.01680672269,11533.613445378152,central mayorista,otros,-0.14810084033613435,0.9487193277310926
104522080,LIMONETA MINI RELKON 10 ml,SALSAS Y ADEREZOS,MINI PORCIONES,,,2633.3333333333335,,,,,,,,
104522190,SAL MINI PORCION RELKON 1 g,OTROS ABARROTES,MINI PORCIONES,,,3050.0,,5037.81512605042,5037.81512605042,5037.81512605042,otros,otros,0.6517426642788262,0.6517426642788262
104522200,"SUCRALOSA MINI IANSA 0,5 G",OTROS ABARROTES,MINI PORCIONES,,,9450.0,,16789.915966386554,16789.915966386554,16789.915966386554,otros,otros,0.7767106842737095,0.7767106842737095
104522330,SYRUP CARAMELO TORANI 750 ml,CAFE Y DERIVADOS,SYRUPS,,,12083.333333333334,,10486.274509803921,10486.274509803921,10486.274509803921,otros,otros,-0.1321703853955376,-0.1321703853955376
104522370,SYRUP TE CHAI TORANI 750 ml,CAFE Y DERIVADOS,SYRUPS,,,12083.333333333334,,16795.518207282916,16795.518207282916,16795.518207282916,otros,otros,0.38997392060272396,0.38997392060272396
104522380,SYRUP VAINILLA TORANI 750 ml,CAFE Y DERIVADOS,SYRUPS,,,12083.333333333334,,14554.621848739496,14554.621848739496,14554.621848739496,otros,otros,0.2045204288611997,0.2045204288611997
104522460,PIMENTON/AJI COLOR 1 kg,CONDIMENTOS,ESPECIAS,,5117.64705882353,5800.0,8403.361344537816,,5117.64705882353,8403.361344537816,central mayorista,jumbo,-0.11764705882352933,0.44885540423065784
104522520,CHURROS BUCLE AVIKO 1 kg,BOLLERIA,BOLLERIA PARA HORNEAR,,,4550.0,,,,,,,,
104522590,FILTRO PAPEL ICBA BUNN,MAQUINAS Y REPUESTOS,ACCESORIOS,,,193.7,,,,,,,,
104522600,FILTRO PAPEL TITAN BUNN,MAQUINAS Y REPUESTOS,ACCESORIOS,,,75990.0,,,,,,,,
104522620,TRUTRO ALA POLLO INTERF BRASIL 15 Kg,POLLO,TRUTROS,,,4200.0,,,,,,,,
104522660,PAN HAMBURGUESA BRIOCHE 10 CM,BOLLERIA,PANES LISTOS PARA COMER,,,3091.216216216216,,,,,,,,
104523030,DOSIFICADOR SYRUP 750 ml TORANI,MAQUINAS Y REPUESTOS,ACCESORIOS,,,288066.6666666667,,,,,,,,
104523040,MAYONESA SACHET CAROZZI 8 G,SALSAS Y ADEREZOS,MINI PORCIONES,,,3700.0,,4268.90756302521,4268.90756302521,4268.90756302521,otros,otros,0.15375880081762427,0.15375880081762427
104523050,MOSTAZA SACHET CAROZZI 8 G,SALSAS Y ADEREZOS,MINI PORCIONES,,,3025.0,,3130.2521008403364,3130.2521008403364,3130.2521008403364,otros,otros,0.03479408292242536,0.03479408292242536
104523060,KETCHUP SACHET CAROZZI 8 G,SALSAS Y ADEREZOS,MINI PORCIONES,,,3000.0,,3241.5966386554624,3241.5966386554624,3241.5966386554624,otros,otros,0.08053221288515422,0.08053221288515422
104523080,CARNE MECHADA CAMPESTRE 1 KG,ELABORADOS CARNICOS COCIDOS,ELABORADOS VACUNO,,,10290.0,,,,,,,,
104523150,MACARONS POPPIES 11 g,BOLLERIA,BOLLERÃA LISTA PARA COMER,,,45075.757575757576,,40730.83778966132,40730.83778966132,40730.83778966132,otros,otros,-0.09639149777558087,-0.09639149777558087
104523160,MIX DE DONUT RELLENAS POPPIES 68 g,BOLLERIA,BOLLERÃA LISTA PARA COMER,,,9191.176470588236,,10416.666666666668,10416.666666666668,10416.666666666668,otros,otros,0.1333333333333333,0.1333333333333333
104523170,MIX DE MINI DONUT POPPIES 18 g,BOLLERIA,BOLLERÃA LISTA PARA COMER,,,14384.920634920634,,15684.19034280379,15684.19034280379,15684.19034280379,otros,otros,0.09032164589973934,0.09032164589973934
104523240,MERLUZA C/P S/E  1 kg 170-220g IMPORTADA,PESCADOS Y MARISCOS,PESCADOS,,,4590.0,,,,,,,,
104523380,LECHE ENTERA SOPROLE 1 l,LACTEOS,LECHES,1947.5,907.5630252100841,1290.0,1109.2436974789916,,907.5630252100841,1947.5,central mayorista,bidfood,-0.29646277115497355,0.5096899224806202
104523750,HAMBURGUESA CLASICA 110 g,HAMBURGUESAS,HAMBURGUESAS PREMIUM,,,6818.181818181818,,,,,,,,
104523790,CAPSULA DOBLE ESP GOLD SEL LAVAZZA 16 g,CAFE Y DERIVADOS,CAPSULAS Y PODS,,,57272.727272727265,,,,,,,,
104523800,CAPSULA ESPRESSO GOLD SELECT LAVAZZA 8 g,CAFE Y DERIVADOS,CAPSULAS Y PODS,,,47250.0,,,,,,,,
104523840,CAPSULA DOBLE ESP TOP CLASS LAVAZZA 16 g,CAFE Y DERIVADOS,CAPSULAS Y PODS,,,57272.727272727265,,,,,,,,
104523850,CAPSULA ESPRESSO TOP CLASS LAVAZZA 8 g,CAFE Y DERIVADOS,CAPSULAS Y PODS,,,47250.0,,,,,,,,
104523990,FRUTA LISTA DURAZNO C/JUGO DE UVA 113 g,CONSERVAS,FRUTAS,,,3801.6224188790557,,,,,,,,
104524100,BOMBILLA ENVASADA NEGRA 6 mm,SUMINISTROS,DESECHABLES,,,20000.0,,,,,,,,
104524190,JUGO ORGANICO MANZANA AMA 300 ml,BEBIDAS,JUGOS,,,3666.6666666666665,,4705.882352941177,4705.882352941177,4705.882352941177,otros,otros,0.28342245989304815,0.28342245989304815
104524200,JUGO ORGANICO MANZANA KIWI AMA 300 ml,BEBIDAS,JUGOS,,,3666.6666666666665,,4705.882352941177,4705.882352941177,4705.882352941177,otros,otros,0.28342245989304815,0.28342245989304815
104524230,GORRO NEGRO REDECILLA,SUMINISTROS,DESECHABLES,,,24500.0,,,,,,,,
104524330,PECHUGA DESHUESADA DE POLLO MARINADA 2 K,POLLO,PECHUGAS,,,5800.0,,,,,,,,
104524420,ACEITE OLIVA E/VIRGEN ZAYTA 500 ml,ACEITES Y VINAGRES,ACEITES DE OLIVA,,,,,13445.378151260506,13445.378151260506,13445.378151260506,otros,otros,,
104524540,FILETILLO POLLO IQF IMP 1 KG,POLLO,FILETILLOS,,,5800.0,,,,,,,,
104524570,AZUCAR FLOR IANSA 25 kg,REPOSTERIA,INGREDIENTES REPOSTERIA,,,1676.0,,,,,,,,
104524690,PULPA MARACUYA S/SEMILLAS S/AZUCAR 1 kg,FRUTAS Y VERDURAS CONGELADAS,FRUTAS,5497.0,,6600.0,,,5497.0,5497.0,bidfood,bidfood,-0.16712121212121211,-0.16712121212121211
104524840,HAMBURGUESA PREMIUM 216 g,HAMBURGUESAS,HAMBURGUESAS PREMIUM,,,7361.111111111111,,,,,,,,
104524930,BOMBILLA BICOLOR 8 mm,SUMINISTROS,DESECHABLES,,,16250.0,,,,,,,,
104525040,MIX BERRIES 1 kg,FRUTAS Y VERDURAS CONGELADAS,FRUTAS,,,5933.333333333333,,8193.27731092437,8193.27731092437,8193.27731092437,otros,otros,0.38088943442545564,0.38088943442545564
104525110,CONCENTRADO TOMATE POMAROLA 1 kg,SALSAS Y ADEREZOS,SALSAS DE TOMATE,2477.0,,2900.0,,2386.5546218487398,2386.5546218487398,2477.0,otros,bidfood,-0.17705013039698625,-0.14586206896551723
104525460,PURE DE PAPA INSTANTANEO 1 kg,OTROS ABARROTES,OTROS,5450.0,,4316.666666666667,9243.697478991597,,5450.0,9243.697478991597,bidfood,jumbo,0.26254826254826247,1.1413970993802924
104525770,HARINA S/POLVO 1 kg,REPOSTERIA,HARINAS Y SEMOLAS,656.0,596.6386554621849,1150.0,,,596.6386554621849,656.0,central mayorista,bidfood,-0.4811837778589696,-0.4295652173913044
104526080,AZUCAR G2 BONANZA 1 kg,OTROS ABARROTES,AZUCAR Y ENDULZANTES,,,1170.0,,,,,,,,
104526090,SAL FINA 1 kg,OTROS ABARROTES,SAL,243.0,,411.8,487.3949579831933,,243.0,487.3949579831933,bidfood,jumbo,-0.4099077221952404,0.1835720203574387
104526560,ARROZ PREGRANEADO TUCAPEL 1 kg,OTROS ABARROTES,ARROZ,,1369.747899159664,2092.4,,1487.3949579831933,1369.747899159664,1487.3949579831933,central mayorista,otros,-0.34536995834464534,-0.28914406519633284
104526890,POSTA ROSADA CAT V CONG PRY,VACUNO CONGELADO,POSTA ROSADA,,7218.487394957983,,10915.966386554623,,7218.487394957983,10915.966386554623,central mayorista,jumbo,,
104527320,ARROZ G2 MIRAFLORES IMPORTADO 1 kg,OTROS ABARROTES,ARROZ,,,1336.1,,1756.3025210084033,1756.3025210084033,1756.3025210084033,otros,otros,0.3144993046990521,0.3144993046990521
104527430,"PAPA 12 mm AVIKO 2,5 kg",PAPAS,PAPAS BASTON,,,2300.0,,3360.5042016806724,3360.5042016806724,3360.5042016806724,otros,otros,0.4610887833394228,0.4610887833394228
104527450,PIZZA PEPPERONI INDIVIDUAL 160 g,PLATOS PREPARADOS,PLATOS PREPARADOS,,,8463.541666666668,,10720.850840336136,10720.850840336136,10720.850840336136,otros,otros,0.2667097608274078,0.2667097608274078
104527520,"PAPA 10 mm AVIKO 2,5 kg",PAPAS,PAPAS BASTON,,,2490.0,,1914.2,1914.2,1914.2,otros,otros,-0.23124497991967874,-0.23124497991967874
104527550,AVENA INSTANTANEA PURA AVENA 900 g,OTROS ABARROTES,CEREALES,,,1466.6666666666667,1867.4136321195144,,1867.4136321195144,1867.4136321195144,jumbo,jumbo,0.2732365673542143,0.2732365673542143
104527570,JAMON SANDWICH LAMINADO SAN JORGE 500 g,JAMONES Y CECINAS,EMBUTIDOS Y FIAMBRES,,,4600.0,,,,,,,,
104527640,JAMON PAVO AHUMADO LAMINADO SJ 500 g,JAMONES Y CECINAS,JAMONES COCIDOS,12828.0,,11960.0,,,12828.0,12828.0,bidfood,bidfood,0.07257525083612038,0.07257525083612038
104527650,JAMON PIERNA LAMINADO SAN JORGE 500 g,JAMONES Y CECINAS,JAMONES COCIDOS,,,7300.0,,7210.084033613446,7210.084033613446,7210.084033613446,otros,otros,-0.012317255669390903,-0.012317255669390903
104527700,GALLETA OBSESION COSTA 85 g,OTROS ABARROTES,GALLETAS,,9787.444389520513,8564.814814814814,13741.967375185368,,9787.444389520513,13741.967375185368,central mayorista,jumbo,0.1427502638575302,0.6044675421838053
104527830,POUCH ATUN LOMITO AGUA ZANAFOODS 1 kg,CONSERVAS,PESCADOS EN CONSERVA,,,6800.0,,,,,,,,
104527850,DONUT RELLENA COOKIES & CREAMÂ  68 g,BOLLERIA,BOLLERÃA LISTA PARA COMER,,,8915.44117647059,,,,,,,,
104527910,AJI COLOR 250 g,CONDIMENTOS,ESPECIAS,,,4600.0,,8403.361344537816,8403.361344537816,8403.361344537816,otros,otros,0.8268176835951775,0.8268176835951775
104527930,CANELA ENTERA 250 g,CONDIMENTOS,ESPECIAS,,,37333.333333333336,,,,,,,,
104528220,KETCHUP SACHET HEINZ 9 G,SALSAS Y ADEREZOS,MINI PORCIONES,,3781.512605042017,4333.333333333333,,5134.453781512605,3781.512605042017,5134.453781512605,central mayorista,otros,-0.1273432449903037,0.18487394957983194
104528690,JUGO ORGANICO MANZANA MANGO AMA 300 ml,BEBIDAS,JUGOS,,,3666.6666666666665,,4705.882352941177,4705.882352941177,4705.882352941177,otros,otros,0.28342245989304815,0.28342245989304815
104528760,TRUTRO ALA REBOZADA SADIA 2 KG,ELABORADOS DE POLLO-CERDO,APANADOS,4754.0,4491.596638655463,5633.333333333333,,,4491.596638655463,4754.0,central mayorista,bidfood,-0.20267515290139704,-0.15609467455621295
104528800,ALMIDON DE MAIZ ALMIFRUT 1 kg,REPOSTERIA,INGREDIENTES REPOSTERIA,,,1840.0,,,,,,,,
104528870,SALSA QUESO CHEDDAR HELLMANNS 1 L,SALSAS Y ADEREZOS,SALSAS ESPECIALES,4250.0,,3595.5882352941176,6572.629051620648,,4250.0,6572.629051620648,bidfood,jumbo,0.1820040899795501,0.8279704519844748
104528900,MAYONESA DELI KRAFT 1 kg,SALSAS Y ADEREZOS,MAYONESAS,,,3030.0,,3257.1428571428573,3257.1428571428573,3257.1428571428573,otros,otros,0.074964639321075,0.074964639321075
104528980,MEDIALUNA PAGNIFIQUE 40 g,BOLLERIA,BOLLERIA PARA HORNEAR,,,5187.5,,,,,,,,
104528990,MEDIALUNA PAGNIFIQUE 45 g,BOLLERIA,BOLLERIA PARA HORNEAR,,,5129.62962962963,,,,,,,,
104529120,TORTILLAS ZANAFOODS 28 cm 12 uds.,OTROS ABARROTES,TORTILLAS DE MAIZ,,4159.663865546218,3297.872340425532,,,4159.663865546218,4159.663865546218,central mayorista,central mayorista,0.26131743019788556,0.26131743019788556
104529150,MOSTAZA HEINZ 1 KG,SALSAS Y ADEREZOS,MOSTAZAS,,4201.680672268908,2130.0,,1932.7731092436975,1932.7731092436975,4201.680672268908,otros,central mayorista,-0.09259478439263025,0.9726200339290647
104529190,HAMBURGUESA CERTIFIED ANGUS BEEF 198 G,HAMBURGUESAS,HAMBURGUESAS CERTIFICADAS,,,11500.0,,,,,,,,
104529210,"PAPA PREMIUM CRUNCH 10 mm AVIKO 2,27 kg",PAPAS,PAPAS BASTON,,,2808.3700440528632,,,,,,,,
104529530,COCADA CON CHOCOLATE POPPIES 70 g,BOLLERIA,BOLLERÃA LISTA PARA COMER,,,8660.714285714286,,8194.027611044417,8194.027611044417,8194.027611044417,otros,otros,-0.05388547171445912,-0.05388547171445912
104529560,QUESO PARMESANO CONAPROLE IMP 6 kg,QUESOS Y MANTEQUILLA,QUESOS DUROS,,,9900.0,,,,,,,,
104529640,NOT CHICKEN BURGER NOTCO 95 g,PLANT BASED,CARNES VEGETALES,,,10789.473684210527,,14064.573197700132,14064.573197700132,14064.573197700132,otros,otros,0.30354580856732927,0.30354580856732927
104529870,"QUESO CHEDDAR LAMINADO LUNCHITAS 2,26 kg",QUESOS Y MANTEQUILLA,QUESOS SEMI DUROS,,,7190.265486725664,,8235.294117647061,8235.294117647061,8235.294117647061,otros,otros,0.14533936651583734,0.14533936651583734
104530240,PEPINILLO MEDIANO TRAVERSO 1 kg,ACEITUNAS Y ENCURTIDOS,ENCURTIDOS,,,2434.6153846153848,,3397.0588235294117,3397.0588235294117,3397.0588235294117,otros,otros,0.3953164204070252,0.3953164204070252
104530290,"MAYONESA KRAFT REAL MAYO 3,78 L",SALSAS Y ADEREZOS,MAYONESAS,,5953.712283392445,,,5329.909741674448,5329.909741674448,5953.712283392445,otros,central mayorista,,
104530720,SERVILLETA MANTEL 2 H 40x40CM 100 UN,SUMINISTROS,PRODUCTOS TISSUE,,,32916.66666666667,,,,,,,,
104531370,CHURRASCO VACUNO FLOW PACK 120 g,ELABORADOS DE VACUNO,ELABORADOS CRUDOS,,12324.929971988797,5330.0,,,12324.929971988797,12324.929971988797,central mayorista,central mayorista,1.312369600748367,1.312369600748367
104531440,SERVILLETA INTERFOLIADA 15X9CM 300 UN,SUMINISTROS,PRODUCTOS TISSUE,,,5250.0,,,,,,,,
104531470,PAPAS ORIGINAL KRYZPO 37 g,SNACKS Y FRUTOS SECOS,PAPAS FRITAS,15869.369369369371,8015.51389786684,13015.625,,17942.31205995912,8015.51389786684,17942.31205995912,central mayorista,otros,-0.38416219752283576,0.37852097459469825
104531630,PEPINILLO DILL RODAJAS HEINZ 3 kg,ACEITUNAS Y ENCURTIDOS,ENCURTIDOS,,8865.546218487396,3942.528735632184,,5652.661064425771,5652.661064425771,8865.546218487396,otros,central mayorista,0.43376534287184265,1.2486953965259575
104531650,JUGO ORGANICO MANZANA ARANDANO AMA 300ml,BEBIDAS,JUGOS,,,3666.6666666666665,,4705.882352941177,4705.882352941177,4705.882352941177,otros,otros,0.28342245989304815,0.28342245989304815
104532130,QUINOA BLANCA ZANAFOODS 1 kg,OTROS ABARROTES,CEREALES,,,4230.0,3844.5378151260506,,3844.5378151260506,3844.5378151260506,jumbo,jumbo,-0.09112581202693837,-0.09112581202693837
104532140,QUINOA TRICOLOR ZANAFOODS 1 kg,OTROS ABARROTES,CEREALES,,,4450.0,,,,,,,,
104532210,SERVILLETA RESTAURANT 1H 22x23CM 160 UN,SUMINISTROS,PRODUCTOS TISSUE,,,5714.285714285714,,,,,,,,
104532560,SERVILLETA RESTAURANT 1H 30x33CM 200 UN,SUMINISTROS,PRODUCTOS TISSUE,,,8390.216154721275,,,,,,,,
104532720,BOLSA BASURA BIO 80X110 VIRUTEX 10 UDS.,SUMINISTROS,DESECHABLES,,,3098.2905982905986,,,,,,,,
104532830,TRIPLE CONCENTRADO DE TOMATE 3 KG,SALSAS Y ADEREZOS,SALSAS DE TOMATE,,,2500.0,,2352.5210084033615,2352.5210084033615,2352.5210084033615,otros,otros,-0.058991596638655386,-0.058991596638655386
104533280,MIX BROWNIE AMERICANO CSM 10kg,BOLLERIA,PREMEZCLAS,,,5100.0,,,,,,,,
104533320,MARGARINA LAMINACION PLUS CSM 2kg,BOLLERIA,GRASAS CULINARIAS,,,5700.0,,,,,,,,
104533410,PRE-MIX MUFFIN AMERICANO CSM 25kg,BOLLERIA,PREMEZCLAS,,,6990.0,,,,,,,,
104533640,TOALLA PLUS EVOLUTION 1H 250 M,SUMINISTROS,PRODUCTOS TISSUE,,,4676.258992805756,,,,,,,,
104533730,CREMA DE LECHE NESTLE 12X1L,REPOSTERIA,GRASAS CULINARIAS,,,5058.04311774461,6260.504201680673,,6260.504201680673,6260.504201680673,jumbo,jumbo,0.23773247003719544,0.23773247003719544
104534020,PAPEL ANTIGRASA B/N 30X40 cm 500 uds.,SUMINISTROS,DESECHABLES,,,5648.648648648648,,,,,,,,
104534040,PAPEL ANTIGRASA LONDON 25X20 cm 500 uds.,SUMINISTROS,DESECHABLES,,,12500.0,,,,,,,,
104534050,PAPEL ANTIGRASA LONDON 30X40 cm 500 uds.,SUMINISTROS,DESECHABLES,,,5648.648648648648,,,,,,,,
104534090,VINAGRE DE MANZANA HERNANDEZ PLAZA 5 l,ACEITES Y VINAGRES,VINAGRES,,,1300.0,,2308.823529411765,2308.823529411765,2308.823529411765,otros,otros,0.7760180995475114,0.7760180995475114
104534250,TOALLA CLASSIC 1 HOJA 250 M,SUMINISTROS,PRODUCTOS TISSUE,,,5769.230769230769,,,,,,,,
104534300,REINETA FILETE S/PIEL 100-400GR NAC. IQF,PESCADOS Y MARISCOS,PESCADOS,,,7990.0,,,,,,,,
104534350,YOGHURT FRUTILLA BOLSA 1 KG LOS ALERCES,LACTEOS,YOGHURT,,1033.6134453781513,1361.111111111111,,,1033.6134453781513,1033.6134453781513,central mayorista,central mayorista,-0.2406105299262562,-0.2406105299262562
104534360,YOGHURT VAINILLA BOLSA 1 KG LOS ALERCES,LACTEOS,YOGHURT,,,1361.111111111111,,1427.731092436975,1427.731092436975,1427.731092436975,otros,otros,0.04894529240267542,0.04894529240267542
104534440,GYOZAS CAMARON 28 gr 180 uds SAMOSA,APERITIVOS,APERITIVOS ORIENTALES,,,6785.714285714285,,4968.153928237963,4968.153928237963,4968.153928237963,otros,otros,-0.2678510000491423,-0.2678510000491423
104534450,GYOZAS CERDO 28 gr 180 uds SAMOSA,APERITIVOS,APERITIVOS ORIENTALES,,,5571.428571428572,,3839.202347605709,3839.202347605709,3839.202347605709,otros,otros,-0.3109123991476933,-0.3109123991476933
104534500,PEPPERONI ULTRADELGADO SUGARDALE 1 kg,JAMONES Y CECINAS,EMBUTIDOS Y FIAMBRES,,13237.7656945131,10381.666666666666,,,13237.7656945131,13237.7656945131,central mayorista,central mayorista,0.27510987585613433,0.27510987585613433
104534520,KIT DE LIMPIEZA LA SPAZIALE,CAFE Y DERIVADOS,ACCESORIOS,,,49242.42424242424,,,,,,,,
104534530,PECHUGA PAVO DESHUESADO 15 KG,PAVO,PECHUGAS,,6350.540216086435,8366.666666666666,,,6350.540216086435,6350.540216086435,central mayorista,central mayorista,-0.2409712889139719,-0.2409712889139719
104534570,BOLSA BASURA BIO 70X90 VIRUTEX 10 uds.,SUMINISTROS,DESECHABLES,,,2827.3809523809523,,,,,,,,
104534580,BOLSA BASURA BIO 80X120 VIRUTEX 10 uds.,SUMINISTROS,DESECHABLES,,,2477.1689497716898,,,,,,,,
104534590,BOLSA BASURA BIO 100X120 VIRUTEX 5 uds.,SUMINISTROS,DESECHABLES,,,3107.638888888889,,,,,,,,
104534660,AZUCAR G2 DAMA BLANCA 1 kg,OTROS ABARROTES,AZUCAR Y ENDULZANTES,,,,,966.3865546218487,966.3865546218487,966.3865546218487,otros,otros,,
104534690,CHAMPIÃ‘ON LAMINADO ZANAFOODS 400 g,CONSERVAS,VERDURAS,,,2406.25,1750.0,,1750.0,1750.0,jumbo,jumbo,-0.2727272727272727,-0.2727272727272727
104534790,"QUESO CREMA HAHNÂ´S 1,36 kg",QUESOS Y MANTEQUILLA,QUESOS BLANDOS,,,7720.588235294118,,11301.285219970341,11301.285219970341,11301.285219970341,otros,otros,0.46378551420568215,0.46378551420568215
104534820,KETCHUP BOLSA HEINZ 3 kg,SALSAS Y ADEREZOS,KETCHUP,,,2827.777777777778,,2857.1428571428573,2857.1428571428573,2857.1428571428573,otros,otros,0.010384507437552593,0.010384507437552593
104534980,QUESO BURRATA GRANAROLO 250 GR,QUESOS Y MANTEQUILLA,QUESOS BLANDOS,,,24120.0,,21815.126050420167,21815.126050420167,21815.126050420167,otros,otros,-0.09555862145853367,-0.09555862145853367
104535120,ARROZ G2 LOS GRANOS 1 kg,OTROS ABARROTES,ARROZ,,764.7058823529412,1336.1,,,764.7058823529412,764.7058823529412,central mayorista,central mayorista,-0.42765819747553235,-0.42765819747553235
104535140,GARBANZO ENTERO S/PIEL LOS GRANOS 1 kg,OTROS ABARROTES,LEGUMBRES,,,2200.0,,1887.3949579831933,1887.3949579831933,1887.3949579831933,otros,otros,-0.14209320091673028,-0.14209320091673028
104535150,LENTEJAS 6 MM LOS GRANOS 1 kg,OTROS ABARROTES,LEGUMBRES,,,2400.0,,2103.361344537815,2103.361344537815,2103.361344537815,otros,otros,-0.12359943977591037,-0.12359943977591037
104535170,POROTOS BLANCOS LOS GRANOS 1 kg,OTROS ABARROTES,LEGUMBRES,,,2660.0,,2092.436974789916,2092.436974789916,2092.436974789916,otros,otros,-0.21336955834965565,-0.21336955834965565
104535190,POROTOS TORTOLA LOS GRANOS 1 kg,OTROS ABARROTES,LEGUMBRES,,,2900.0,,2512.6050420168067,2512.6050420168067,2512.6050420168067,otros,otros,-0.13358446827006665,-0.13358446827006665
104535480,NOT CHEESE CHEDDAR LAMINADO 200 GR,PLANT BASED,QUESOS VEGANOS,,,,,12563.025210084033,12563.025210084033,12563.025210084033,otros,otros,,
104535510,"POLLO ENTERO 1,8 BRASIL CJ 14,4 KG",POLLO,ENTERO,,,,,,,,,,,
104537550,CARNE DE JAIBA COCIDA IVP 500 GR CONG,PESCADOS Y MARISCOS,MARISCOS Y MOLUSCOS,,,13500.0,,,,,,,,
104537630,ACEITE OLIVA NUTRICAMPO 500 ML,ACEITES Y VINAGRES,ACEITES DE OLIVA,,,,,10067.226890756303,10067.226890756303,10067.226890756303,otros,otros,,
104537640,ARROZ G2 BLUE BONNET TUCAPEL 1 KG,OTROS ABARROTES,ARROZ,,,,,1168.0672268907563,1168.0672268907563,1168.0672268907563,otros,otros,,
104537670,GUANTES NITRILO NEGRO TALLA M 100 UDS,SUMINISTROS,DESECHABLES,,,13716.814159292035,,,,,,,,
104537680,GUANTES NITRILO NEGRO TALLA L 100 UDS,SUMINISTROS,DESECHABLES,,,10813.953488372093,,,,,,,,
104537740,MAYONESA DELI SACHET KRAFT 7 G,SALSAS Y ADEREZOS,MINI PORCIONES,,,6000.0,,8379.351740696278,8379.351740696278,8379.351740696278,otros,otros,0.39655862344937964,0.39655862344937964
104537770,TAPA VASO 12 OZ CPLA BIODEGRADABLE,SUMINISTROS,DESECHABLES,,,9750.0,,,,,,,,
104537780,TAPA VASO 8 OZ CPLA BIODEGRADABLE,SUMINISTROS,DESECHABLES,,,11666.666666666666,,,,,,,,
104537880,YOGHURT LIGHT VAINILLA BOLSA 900GR COLUN,LACTEOS,YOGHURT,,,1814.8148148148148,,1396.8253968253969,1396.8253968253969,1396.8253968253969,otros,otros,-0.2303206997084548,-0.2303206997084548
104537890,YOGHURT LIGHT FRUTILLA BOLSA 900GR COLUN,LACTEOS,YOGHURT,,,1814.8148148148148,,1396.8253968253969,1396.8253968253969,1396.8253968253969,otros,otros,-0.2303206997084548,-0.2303206997084548
104537930,"QUESO CREMA BAKING CHEEZE 1,36 KG",QUESOS Y MANTEQUILLA,QUESOS BLANDOS,,,,8847.591900196203,,8847.591900196203,8847.591900196203,jumbo,jumbo,,
104537940,ROLLO DE CANELA GLASEADO 114 G,BOLLERIA,BOLLERÃA LISTA PARA COMER,,,7070.707070707071,,,,,,,,
104537950,GLASEADO CHOCOLATE CSM 16kg,BOLLERIA,INGREDIENTES REPOSTERIA,,,4000.0,,,,,,,,
104538060,PANKO BLANCO MAYAMOTO 1 KG,OTROS ABARROTES,OTROS,,,2800.0,,4621.848739495798,4621.848739495798,4621.848739495798,otros,otros,0.6506602641056423,0.6506602641056423
104538100,"PULPO LIMPIO IMP 0,9-1,8 CJ10KG IWP CONG",PESCADOS Y MARISCOS,MARISCOS Y MOLUSCOS,,,,,,,,,,,
104538110,"MAYONESA ALACENA 1,9 KG",SALSAS Y ADEREZOS,MAYONESAS,,,3815.789473684211,,2521.008403361345,2521.008403361345,2521.008403361345,otros,otros,-0.33932193567082003,-0.33932193567082003
104538200,MOZZARELLA FINGERS AVIKO 1 KG 25 G,APERITIVOS,OTROS APERITIVOS,,15117.64705882353,12500.0,,16798.319327731093,15117.64705882353,16798.319327731093,central mayorista,otros,0.2094117647058824,0.3438655462184874
104538320,GRANOLA MIEL Y ALMENDRAS VIVO 330 G,OTROS ABARROTES,CEREALES,,6086.070791953145,6516.414141414141,,6850.012732365673,6086.070791953145,6850.012732365673,central mayorista,otros,-0.06603990171926155,0.05119358342058011
104538580,GALLETA SODA COSTA 160 G,OTROS ABARROTES,GALLETAS,,4044.117647058824,4817.708333333334,5514.705882352941,,4044.117647058824,5514.705882352941,central mayorista,jumbo,-0.16057233704292528,0.1446740858505564
104538630,EMPANADA PINO CARNE MOLIDA 180G ARTEMASA,APERITIVOS,EMPANADAS PARA HORNO,,,6111.11111111111,,,,,,,,
104538780,TORTA HOJARASCA CONGELADA,REPOSTERIA,POSTRES LISTOS,,,11728.395061728394,,,,,,,,
104538790,TORTA DE TRUFA CONGELADA,REPOSTERIA,POSTRES LISTOS,,,9523.809523809525,,,,,,,,
104538800,PIE DE LIMON CONGELADO,REPOSTERIA,POSTRES LISTOS,,,9646.017699115046,,,,,,,,
104538810,KUCHEN DE MANZANA CONGELADO,REPOSTERIA,POSTRES LISTOS,,,6187.5,,,,,,,,
104538830,LAVALOZAS LPU AD CLEAN 5 lts,SUMINISTROS,PRODUCTOS DE LIMPIEZA,,,1500.0,,,,,,,,
104538850,DESENGRASANTE LPU AD CLEAN 5 lts,SUMINISTROS,PRODUCTOS DE LIMPIEZA,,,1950.0,,,,,,,,
104538940,BASE MAQUINA PREMIUM INROOM,CAFE Y DERIVADOS,ACCESORIOS,,,28352.666666666664,,,,,,,,
104539180,FILETE POLLO COCIDA EN TIRAS SADIA 2 KG,ELABORADOS DE POLLO-CERDO,ELABORADOS COCIDOS,5697.5,,5980.0,,,5697.5,5697.5,bidfood,bidfood,-0.04724080267558528,-0.04724080267558528
104539200,LASAÃ‘A BOLOGNESA SADIA 350 GR CONG,PLATOS PREPARADOS,PLATOS PREPARADOS,,,5685.714285714285,8139.255702280913,,8139.255702280913,8139.255702280913,jumbo,jumbo,0.43152738482327635,0.43152738482327635
104539340,"PAPA C/PIEL JACKET WEDGES AVIKO 2,5Kg",PAPAS,PAPAS ESPECIALES,,3324.36974789916,2400.0,,3145.8823529411766,3145.8823529411766,3324.36974789916,otros,central mayorista,0.3107843137254902,0.38515406162465005
104539350,LECHE EVAPORADA IDEAL 390 G,REPOSTERIA,INGREDIENTES REPOSTERIA,,,4113.247863247863,,4072.3981900452486,4072.3981900452486,4072.3981900452486,otros,otros,-0.009931245225362928,-0.009931245225362928
104539430,ACETO BALSAMICO SANTIAGO 5 L,ACEITES Y VINAGRES,ACETOS BALSAMICOS,5121.8,,6000.0,,,5121.8,5121.8,bidfood,bidfood,-0.14636666666666664,-0.14636666666666664
104539500,PECHUGA DESHUESADA DE POLLO 2 KG,POLLO,PECHUGAS,,,5800.0,5621.848739495798,,5621.848739495798,5621.848739495798,jumbo,jumbo,-0.0307157345696899,-0.0307157345696899
104539620,TAPA BLANCA VASO 8 OZ CPLA BIO LAVAZZA,SUMINISTROS,DESECHABLES,,,15000.0,,,,,,,,
104539630,TAPA BLANCA VASO 12 OZ CPLA BIO LAVAZZA,SUMINISTROS,DESECHABLES,,,16200.0,,,,,,,,
104539650,VASO D/PARED 8 OZ COMPOSTABLE LAVAZZA,SUMINISTROS,DESECHABLES,,,7128.571428571428,,,,,,,,
104539660,VASO D/PARED 12 OZ COMPOSTABLE LAVAZZA,SUMINISTROS,DESECHABLES,,,6470.588235294118,,,,,,,,
104539700,ASADO CARNICERO PORC. CAT V VACIO PRY,VACUNO REFRIGERADO,ASADO CARNICERO,,6462.18487394958,,,,6462.18487394958,6462.18487394958,central mayorista,central mayorista,,
104539710,"CEBOLLA CUBOS IQF 2,5 KG ARDO",FRUTAS Y VERDURAS CONGELADAS,VERDURAS,,4030.2521008403364,2900.0,,,4030.2521008403364,4030.2521008403364,central mayorista,central mayorista,0.3897421037380471,0.3897421037380471
104539940,SOPA SABOR POLLO CON FIDEOS CAROZZI 1 kg,OTROS ABARROTES,SOPAS Y CREMAS,,,2220.0,,2117.6470588235297,2117.6470588235297,2117.6470588235297,otros,otros,-0.04610492845786951,-0.04610492845786951
104540010,"CLAMSHELL 15,2 X 22,8 CM CAÃ‘A DE AZUCAR",SUMINISTROS,DESECHABLES,,,8125.0,,,,,,,,
104540030,PAÃ‘O ESPONJA NATURAL VIRUTEX 3 UDS,SUMINISTROS,PRODUCTOS DE LIMPIEZA,,,30666.666666666664,,,,,,,,
104540100,CHEESECAKE FACTORY NINE 14 TROZOS,REPOSTERIA,POSTRES LISTOS,,,11951.754385964914,,,,,,,,
104540180,QUIFARO CAROZZI 5 KG,OTROS ABARROTES,PASTAS,,,1701.0,,1579.8319327731092,1579.8319327731092,1579.8319327731092,otros,otros,-0.07123343164426266,-0.07123343164426266
104540190,ESPIRAL CAROZZI 5 KG,OTROS ABARROTES,PASTAS,,1650.420168067227,1701.0,,,1650.420168067227,1650.420168067227,central mayorista,central mayorista,-0.02973535093049562,-0.02973535093049562
104540200,MOSTACCIOLI CAROZZI 5 KG,OTROS ABARROTES,PASTAS,,1650.420168067227,1701.0,,,1650.420168067227,1650.420168067227,central mayorista,central mayorista,-0.02973535093049562,-0.02973535093049562
104540210,SPAGHETTI 5 CAROZZI 400 G,OTROS ABARROTES,PASTAS,,,1959.0,2289.915966386555,,2289.915966386555,2289.915966386555,jumbo,jumbo,0.16892086084050772,0.16892086084050772
104540220,TALLARINES 87 CAROZZI 400 G,OTROS ABARROTES,PASTAS,,,,2289.915966386555,,2289.915966386555,2289.915966386555,jumbo,jumbo,,
104540230,CORBATITAS CAROZZI 400 G,OTROS ABARROTES,PASTAS,,,,,3550.420168067227,3550.420168067227,3550.420168067227,otros,otros,,
104540240,CORBATAS CAROZZI 400 G,OTROS ABARROTES,PASTAS,,1869.747899159664,,,,1869.747899159664,1869.747899159664,central mayorista,central mayorista,,
104540250,CORBATA CAROZZI 5 KG,OTROS ABARROTES,PASTAS,,,1701.0,,1579.8319327731092,1579.8319327731092,1579.8319327731092,otros,otros,-0.07123343164426266,-0.07123343164426266
104540280,LASAÃ‘A PRECOCIDA CAROZZI 330 G,OTROS ABARROTES,PASTAS,,3539.597657244716,3877.314814814815,5322.128851540616,,3539.597657244716,5322.128851540616,central mayorista,jumbo,-0.08710078332554183,0.37263263514360956
104540290,TALLARIN 87 CAROZZI 5 KG,OTROS ABARROTES,PASTAS,,1650.420168067227,1752.6,2176.470588235294,,1650.420168067227,2176.470588235294,central mayorista,jumbo,-0.05830185549056999,0.24185244107913628
104540300,SPAGHETTI 5 CAROZZI 5 KG,OTROS ABARROTES,PASTAS,,1650.420168067227,1752.6,,,1650.420168067227,1650.420168067227,central mayorista,central mayorista,-0.05830185549056999,-0.05830185549056999
104540310,ESPIRAL CAROZZI 400 G,OTROS ABARROTES,PASTAS,,,1855.8333333333333,,1596.638655462185,1596.638655462185,1596.638655462185,otros,otros,-0.1396648466301652,-0.1396648466301652
104540320,CARACOLES CAROZZI 400 G,OTROS ABARROTES,PASTAS,,,,2289.915966386555,,2289.915966386555,2289.915966386555,jumbo,jumbo,,
104540330,CABELLOS DE ANGEL CAROZZI 400 G,OTROS ABARROTES,PASTAS,,1554.6218487394958,,,,1554.6218487394958,1554.6218487394958,central mayorista,central mayorista,,
104540350,QUIFAROS CAROZZI 400 G,OTROS ABARROTES,PASTAS,,,,2289.915966386555,,2289.915966386555,2289.915966386555,jumbo,jumbo,,
104540360,RIGATONI CAROZZI 400 G,OTROS ABARROTES,PASTAS,,,,2289.915966386555,,2289.915966386555,2289.915966386555,jumbo,jumbo,,
104540480,ACEITE MARAVILLA PARRAL 900 ML,ACEITES Y VINAGRES,ACEITES VEGETALES,,,,,1867.4136321195144,1867.4136321195144,1867.4136321195144,otros,otros,,
104540500,MAGIC GLAZE CSM 1L,BOLLERIA,PREMEZCLAS,,,3529.4117647058824,,,,,,,,
104541760,"QUESO CREMA RENY PICOT IMP 1,36 kg",QUESOS Y MANTEQUILLA,QUESOS BLANDOS,,,7720.588235294118,,6544.117647058823,6544.117647058823,6544.117647058823,otros,otros,-0.1523809523809524,-0.1523809523809524
104541770,PIÃ‘A EN TROCITOS ZANAFOODS 565 g,CONSERVAS,FRUTAS,,,2876.1061946902655,,,,,,,,
104541810,YOGHURT BATIDO DAMASCO 120 G LOS ALERCES,LACTEOS,YOGHURT,,1033.6134453781513,1704.5454545454545,,,1033.6134453781513,1033.6134453781513,central mayorista,central mayorista,-0.39361344537815124,-0.39361344537815124
104541880,ARANDANOS IQF 1 KG,FRUTAS Y VERDURAS CONGELADAS,FRUTAS,,,4700.0,,5873.949579831933,5873.949579831933,5873.949579831933,otros,otros,0.2497765063472197,0.2497765063472197
104541890,COCTEL DE FRUTA ZANAFOODS 3 KG,CONSERVAS,FRUTAS,,,3000.0,,,,,,,,
104542610,HARINA PIZZA SAN CRISTOBAL 25 KG,REPOSTERIA,HARINAS Y SEMOLAS,,,1080.0,,789.546218487395,789.546218487395,789.546218487395,otros,otros,-0.2689386865857454,-0.2689386865857454
104542630,ARROZ G1 LOS GRANOS 1 KG,OTROS ABARROTES,ARROZ,,,,,1016.8067226890756,1016.8067226890756,1016.8067226890756,otros,otros,,
104542680,"SALSA SOYA KIKKOMAN 18,9 l",SALSAS Y ADEREZOS,SALSAS DE SOYA,3028.0,,2957.671957671958,,4001.156017962741,3028.0,4001.156017962741,bidfood,otros,0.023778175313059036,0.35280588084965636
104542770,CORAZONES DE ALCACHOFA DON GIUSEPPE 400g,CONSERVAS,VERDURAS,,,5208.333333333334,13620.44817927171,,13620.44817927171,13620.44817927171,jumbo,jumbo,1.615126050420168,1.615126050420168
104542880,MUFFIN ARANDANO FRAMBUESA PAVESI 115 G,BOLLERIA,BOLLERÃA LISTA PARA COMER,,,8086.95652173913,,,,,,,,
104543010,MANTEQUILLA  SIN SAL TONADITA 5 KG,QUESOS Y MANTEQUILLA,MANTEQUILLA Y MARGARINA,,8941.176470588236,8000.0,11731.09243697479,,8941.176470588236,11731.09243697479,central mayorista,jumbo,0.11764705882352944,0.46638655462184864
104543030,MANTEQUILLA C/SAL TONADITA 200 GR,QUESOS Y MANTEQUILLA,MANTEQUILLA Y MARGARINA,,,0.0,,8781.512605042017,8781.512605042017,8781.512605042017,otros,otros,inf,inf
104543040,MANTEQUILLA MINI PORCION C/SAL 10GR/100U,QUESOS Y MANTEQUILLA,MANTEQUILLA Y MARGARINA,,,10000.0,,,,,,,,
104543080,SALMON FILETE PREMIUM T-E FRESCO CJ 15KG,PESCADOS Y MARISCOS,SALMONES,,,,,,,,,,,
104543090,SALMON FILETE PREMIUM T-D FRESCO CJ 15KG,PESCADOS Y MARISCOS,SALMONES,,,,17638.655462184874,,17638.655462184874,17638.655462184874,jumbo,jumbo,,
104543220,AJÃ ROJO EN HOJUELAS 340 G BADIA,CONDIMENTOS,ESPECIAS,,,20882.35294117647,,,,,,,,
104543270,CANELA EN POLVO 454 G BADIA,CONDIMENTOS,ESPECIAS,,,20484.581497797357,,24654.999614524706,24654.999614524706,24654.999614524706,otros,otros,0.20358815322518464,0.20358815322518464
104543440,GALLETA FRAC CLASICA 110 g,OTROS ABARROTES,GALLETAS,,3972.498090145149,4545.454545454545,6264.323911382736,,3972.498090145149,6264.323911382736,central mayorista,jumbo,-0.1260504201680671,0.3781512605042019
104543450,GALLETA FRAC CHOCOLATE 110 g,OTROS ABARROTES,GALLETAS,,,5050.50505050505,,5194.805194805195,5194.805194805195,5194.805194805195,otros,otros,0.028571428571428692,0.028571428571428692
104543660,LOCOS EN CONSERVA 1 KG CALIBRE 6,PESCADOS Y MARISCOS,MARISCOS Y MOLUSCOS,,,25000.0,,31924.36974789916,31924.36974789916,31924.36974789916,otros,otros,0.27697478991596647,0.27697478991596647
104543730,AJI SACHET TRAVERSOÂ 8 G,SALSAS Y ADEREZOS,MINI PORCIONES,3792.0,,4583.333333333334,,,3792.0,3792.0,bidfood,bidfood,-0.17265454545454562,-0.17265454545454562
104543740,KETCHUP SACHET TRAVERSO 8 G,SALSAS Y ADEREZOS,MINI PORCIONES,4979.0,,5000.0,,7352.941176470588,4979.0,7352.941176470588,bidfood,otros,-0.0041999999999999815,0.47058823529411775
104543750,MAYONESA SACHET TRAVERSO 8 G,SALSAS Y ADEREZOS,MINI PORCIONES,4354.0,,5104.166666666667,,,4354.0,4354.0,bidfood,bidfood,-0.14697142857142864,-0.14697142857142864
104544090,SALSA QUESO CHEDDAR HELLMANNS 1 L,SALSAS Y ADEREZOS,SALSAS ESPECIALES,,,4625.0,,5873.949579831933,5873.949579831933,5873.949579831933,otros,otros,0.27004315239609356,0.27004315239609356
104544100,MERKEN MOLIDO 1 KG,CONDIMENTOS,ESPECIAS,,,7400.0,,,,,,,,
104544250,ARROZ PREGRANEADO G1 1 KG,OTROS ABARROTES,ARROZ,,,,,1386.5546218487395,1386.5546218487395,1386.5546218487395,otros,otros,,
104544580,PIÃ‘A EN RODAJAS ZANAFOODS 3 KG,CONSERVAS,FRUTAS,,,2944.4444444444443,,,,,,,,
104544590,PIÃ‘A EN TROCITOS ZANAFOODS 3 KG,CONSERVAS,FRUTAS,,,2807.222222222222,,,,,,,,
104544640,PULPA JUGO PIÃ‘A 1 kg,FRUTAS Y VERDURAS CONGELADAS,JUGOS Y PULPAS,,,3800.0,,,,,,,,
104544680,"PAPA STEAKHOUSE 8/18 mm AVIKO 2,5 kg",PAPAS,PAPAS ESPECIALES,,,2070.0,,,,,,,,
104544700,"GRATIN PAPA QUESO 1,5 kg 100 g",PAPAS,GUARNICIONES LISTAS,,8347.338935574231,8655.555555555555,,,8347.338935574231,8347.338935574231,central mayorista,central mayorista,-0.035609108855351956,-0.035609108855351956
104544750,"PURE DE PAPA CONGELADO AVIKO 2,5 kg",PAPAS,GUARNICIONES LISTAS,,,2730.0,,,,,,,,
104544760,SALSA PIZZA POMAROLA 3 kg,SALSAS Y ADEREZOS,SALSAS DE TOMATE,,1974.7899159663866,1538.888888888889,,1397.7591036414565,1397.7591036414565,1974.7899159663866,otros,central mayorista,-0.09170888572035318,0.283256985104511
104544770,"CAMARON MARIPOSA APANADO 1,36 kg",PESCADOS Y MARISCOS,CAMARONES,,,9558.823529411764,,12596.638655462186,12596.638655462186,12596.638655462186,otros,otros,0.3178021978021981,0.3178021978021981
104544830,EMPANADA ORIENTAL CAMARÃ“N QUESO 50UN,APERITIVOS,APERITIVOS ORIENTALES,,,12250.0,,,,,,,,
104544900,SALMON FILETE IND B T-D KG CONG,PESCADOS Y MARISCOS,SALMONES,,,8990.0,,9215.0,9215.0,9215.0,otros,otros,0.02502780867630694,0.02502780867630694
104544910,SALMON FILETE PREMIUM T-D 2-3 LBÂ  KG,PESCADOS Y MARISCOS,SALMONES,,,12000.0,,12300.0,12300.0,12300.0,otros,otros,0.02499999999999991,0.02499999999999991
104544990,"HELADO VAINILLA 1,8 L",REPOSTERIA,HELADOS,4157.708333333334,2033.6134453781513,4507.789855072464,,,2033.6134453781513,4157.708333333334,central mayorista,bidfood,-0.5488668481096575,-0.07766145561226534
104545030,PRIMAVERA VERDURAS 1 KG,FRUTAS Y VERDURAS CONGELADAS,MEZCLAS ESPECIALES,1897.0,,2050.0,,,1897.0,1897.0,bidfood,bidfood,-0.07463414634146337,-0.07463414634146337
104545080,"MOLIDA VACUNO 73/27 CAB 4,5 KG",HAMBURGUESAS,HAMBURGUESAS CERTIFICADAS,,,10690.0,,,,,,,,
104545210,PLATO 3 DIVISIONES 23 CM COMPOSTABLE,SUMINISTROS,DESECHABLES,,,5200.0,,,,,,,,
104545250,LECHE CONDENSADA 6 KG,REPOSTERIA,INGREDIENTES REPOSTERIA,,,4277.777777777777,,3500.0,3500.0,3500.0,otros,otros,-0.18181818181818177,-0.18181818181818177
104545260,VASO 12 OZ PLATON,SUMINISTROS,DESECHABLES,,,0.0,,,,,,,,
104545310,PAN HAMBURGUESA DE PAPA MARTINS 10 CM,BOLLERIA,PANES LISTOS PARA COMER,,,7792.207792207792,,,,,,,,
104545370,TE YELLOW LABEL LIPTON 100 UDS.,CAFE Y DERIVADOS,TE Y OTRAS BEBIDAS CALIENTES,,,23672.727272727276,,28109.243697478993,28109.243697478993,28109.243697478993,otros,otros,0.1874104480501877,0.1874104480501877
104546930,POWERADE FROZEN BLAST 600 ML,BEBIDAS,IsotÃ³nica y EnergÃ©tica,,978.7444389520515,1633.9285714285716,1526.6106442577031,,978.7444389520515,1526.6106442577031,central mayorista,jumbo,-0.4009870100402746,-0.06568091717561342
104546940,POWERADE ROJO 600 ML,BEBIDAS,IsotÃ³nica y EnergÃ©tica,,,1633.9285714285716,1526.6106442577031,,1526.6106442577031,1526.6106442577031,jumbo,jumbo,-0.06568091717561342,-0.06568091717561342
104546960,AZUCAR G2 CAMSA 1 KG,OTROS ABARROTES,AZUCAR Y ENDULZANTES,,,1084.0,,,,,,,,
104547160,"QUESO CREMA ZANAFOODS 1,36 KG",QUESOS Y MANTEQUILLA,QUESOS BLANDOS,,,7205.882352941177,,5275.766188828473,5275.766188828473,5275.766188828473,otros,otros,-0.2678528554278854,-0.2678528554278854
104547180,FILETILLO DE POLLO 2 KG,POLLO,FILETILLOS,5670.0,,5800.0,,,5670.0,5670.0,bidfood,bidfood,-0.022413793103448265,-0.022413793103448265
104547560,"MOLIDA VACUNO ANGUS 81/19  4,5 KG (CAJA",HAMBURGUESAS,HAMBURGUESAS CERTIFICADAS,,,0.0,,,,,,,,
104547590,VASO D/PARED 12/14 OZ COMPOSTABLE LAVAZZ,SUMINISTROS,DESECHABLES,,,6705.882352941177,,,,,,,,
104547600,VASO D/PARED 8/9 OZ COMPOSTABLE LAVAZZA,SUMINISTROS,DESECHABLES,,,8316.666666666666,,,,,,,,
104547640,LOMO LISO PORCIONADO 250 GRS,VACUNO CONGELADO,CARNES PREMIUM,12984.166666666666,,12590.0,,,12984.166666666666,12984.166666666666,bidfood,bidfood,0.03130791633571617,0.03130791633571617
104547690,MANTEQUILLA CON SAL TONADITA 250 GR,QUESOS Y MANTEQUILLA,MANTEQUILLA Y MARGARINA,,,8400.0,9714.285714285716,6689.075630252101,6689.075630252101,9714.285714285716,otros,jumbo,-0.20368147258903557,0.15646258503401378
104548240,CROISSANT RELLENO JAMON QUESO 145 G,PLATOS PREPARADOS,PLATOS PREPARADOS,,,9066.666666666666,,,,,,,,
104548720,"TABLA CORTAR ROJO 30X46X1,1CM",SUMINISTROS,UTENSILIOS DE COCINA,,,6083.333333333334,,,,,,,,
104548740,"TABLA CORTAR AZUL 30X46X1,1CM",SUMINISTROS,UTENSILIOS DE COCINA,,,6083.333333333334,,,,,,,,
104548870, LOMO LISO CAT V VACIO CHILE,VACUNO REFRIGERADO,CARNES CERTIFICADAS,,,,,,,,,,,
104548880,LOMO VETADO CAT VACIO V CHILE,VACUNO REFRIGERADO,CARNES CERTIFICADAS,,,,,,,,,,,
104560910,CAFE ENTERO CREMA Y AROMA LAVAZZA 1 kg,CAFE Y DERIVADOS,CAFES DE GRANO ENTERO,,,25126.0,,29117.64705882353,29117.64705882353,29117.64705882353,otros,otros,0.1588652017361909,0.1588652017361909
105000600,ROLLO FILM 45 cm x 600 m,SUMINISTROS,DESECHABLES,,,5400.0,,,,,,,,
105045100,SUPREMITA REBOZADA SADIA 3 kg,ELABORADOS DE POLLO-CERDO,APANADOS,,,4916.666666666667,5378.151260504202,6719.887955182074,5378.151260504202,6719.887955182074,jumbo,otros,0.09386127332288852,0.36675687224042175
105045410,SOBRECOSTILLA CAT V VACIO PARAGUAY,VACUNO REFRIGERADO,SOBRECOSTILLA,,6462.18487394958,,,7806.722689075631,6462.18487394958,7806.722689075631,central mayorista,otros,,
105045440,HUACHALOMO CAT V VACIO PARAGUAY,VACUNO REFRIGERADO,HUACHALOMO,,6462.18487394958,,,8394.957983193277,6462.18487394958,8394.957983193277,central mayorista,otros,,
105045700,COSTILLAR BABY BACK 10 kg,CERDO,COSTILLAR,,,5990.0,,,,,,,,
105154330,BROWNIE POPPIES 60 g,BOLLERIA,BOLLERÃA LISTA PARA COMER,,,10277.777777777777,,8437.441643323997,8437.441643323997,8437.441643323997,otros,otros,-0.1790597320009084,-0.1790597320009084
105154610,VOLCAN CHOCOLATE BERLYS 80 g,BOLLERIA,BOLLERÃA LISTA PARA COMER,,,10750.0,,12690.826330532214,12690.826330532214,12690.826330532214,otros,otros,0.1805419842355549,0.1805419842355549
105154770,DONUT RELLENA FRAMBUESA POPPIES 68 G,BOLLERIA,BOLLERÃA LISTA PARA COMER,,,8180.14705882353,,,,,,,,
105200920,ROLLO FILM 30 cm x 1400 m,SUMINISTROS,DESECHABLES,,,5061.983471074381,,,,,,,,
105200930,40844 TOALLA 2H EXCELLENCE DOBLADA 200 u,SUMINISTROS,PRODUCTOS TISSUE,,,4669.887278582931,,,,,,,,
105201000,"PERCOLADORA CAFE 16,3 l WB",MAQUINAS Y REPUESTOS,MAQUINAS PERCOLADORAS,,,29865.1,,,,,,,,
105201430,EXHIBIDOR MINI PORCIONES LAVAZZA,MAQUINAS Y REPUESTOS,ACCESORIOS,,,18644.37,,,,,,,,
105201570,TAZA AMERICANO LAVAZZA,CAFE Y DERIVADOS,ACCESORIOS,,,8888.888888888889,,9235.29411764706,9235.29411764706,9235.29411764706,otros,otros,0.0389705882352942,0.0389705882352942
105201580,PLATO AMERICANO LAVAZZA,CAFE Y DERIVADOS,ACCESORIOS,,,6666.666666666667,,,,,,,,
107600020,AGUA MIN S/GAS VIDRIO PUYEHUE 330 cc,BEBIDAS,AGUAS,1741.1616161616162,,1893.939393939394,1764.7058823529412,,1741.1616161616162,1764.7058823529412,bidfood,jumbo,-0.08066666666666666,-0.06823529411764706
107600040,AGUA MIN S/GAS PET PUYEHUE 500 cc,BEBIDAS,AGUAS,1170.8333333333333,,1166.6666666666667,1764.7058823529412,,1170.8333333333333,1764.7058823529412,bidfood,jumbo,0.0035714285714283367,0.5126050420168067
108000140,CORNFLAKES 450 g,OTROS ABARROTES,CEREALES,,7264.23902894491,5924.722222222222,8683.473389355744,,7264.23902894491,8683.473389355744,central mayorista,jumbo,0.22608938554089164,0.4656338413278016
108000144,ZUCARITAS 680 g,OTROS ABARROTES,CEREALES,,,5882.352941176471,,8835.887296094908,8835.887296094908,8835.887296094908,otros,otros,0.5021008403361342,0.5021008403361342
108004000,"TOMATE ITALIANO CUBO GALON 2,50 kg",CONSERVAS,VERDURAS,,,2326.6666666666665,,,,,,,,
108004050,"TOMATE ITALIANO ENTERO PEL GALON 2,55 kg",CONSERVAS,VERDURAS,,,2352.9411764705883,,,,,,,,
150000001,FLAN C/LECHE CHOCOLATE MACROFOOD 1 kg,REPOSTERIA,POSTRES EN POLVO,,3882.3529411764707,2890.0,,,3882.3529411764707,3882.3529411764707,central mayorista,central mayorista,0.3433747201302666,0.3433747201302666
150000002,JALEA FRAMBUESA MACROFOOD 1 kg,REPOSTERIA,POSTRES EN POLVO,,,3500.0,,2856.3025210084033,2856.3025210084033,2856.3025210084033,otros,otros,-0.18391356542617043,-0.18391356542617043
150000003,PURE DE PAPAS MACROFOOD 1 kg,OTROS ABARROTES,OTROS,,4613.445378151261,4100.0,9243.697478991597,,4613.445378151261,9243.697478991597,central mayorista,jumbo,0.1252305800368929,1.2545603607296578
150000005,LECHE ENTERA COLUN 1 l,LACTEOS,LECHES,1246.0,907.5630252100841,1491.6666666666667,,1168.0672268907563,907.5630252100841,1246.0,central mayorista,bidfood,-0.39157786019435703,-0.16469273743016766
150000006,LECHE POLVO 26% MG COLUN 900 g,LACTEOS,LECHES,,,7788.888888888889,,6704.014939309057,6704.014939309057,6704.014939309057,otros,otros,-0.13928481520996416,-0.13928481520996416
150000009,CREMA BATIR UHT NACIONAL 1 l,REPOSTERIA,GRASAS CULINARIAS,,3252.1008403361348,4723.022734550112,,,3252.1008403361348,3252.1008403361348,central mayorista,central mayorista,-0.311436547500356,-0.311436547500356
150000017,LECHE CONDENSADA NESTLE 397 g,BOLLERIA,INGREDIENTES REPOSTERIA,,,5064.021830394626,,4127.595622631925,4127.595622631925,4127.595622631925,otros,otros,-0.18491749031218685,-0.18491749031218685
150000048,BARRA CHOCOCEREAL COSTA 18 g,OTROS ABARROTES,CEREALES,,6979.458450046686,7222.222222222223,11612.978524743232,,6979.458450046686,11612.978524743232,central mayorista,jumbo,-0.03361344537815114,0.6079508726567551
150000074,GALLETA CHOCOCHIPS COSTA 125 g,OTROS ABARROTES,GALLETAS,,5176.470588235295,4857.142857142857,6453.781512605043,,5176.470588235295,6453.781512605043,central mayorista,jumbo,0.06574394463667832,0.32871972318339115
150000075,GALLETA CHOCOLATE COSTA 140 g,OTROS ABARROTES,GALLETAS,,3901.5606242496997,4672.619047619048,5762.304921968787,,3901.5606242496997,5762.304921968787,central mayorista,jumbo,-0.16501632500133823,0.233206658459562
150000076,GALLETA COCO COSTA 125 g,OTROS ABARROTES,GALLETAS,,,5342.857142857143,,6050.420168067227,6050.420168067227,6050.420168067227,otros,otros,0.13243158225857177,0.13243158225857177
150000082,GALLETA LIMON COSTA 140 g,OTROS ABARROTES,GALLETAS,,3901.5606242496997,4970.238095238095,5762.304921968787,,3901.5606242496997,5762.304921968787,central mayorista,jumbo,-0.21501534745634787,0.1593619483721631
150000083,GALLETA MANTEQUILLA COSTA 140 g,OTROS ABARROTES,GALLETAS,,3901.5606242496997,4851.190476190476,5762.304921968787,,3901.5606242496997,5762.304921968787,central mayorista,jumbo,-0.19575192040006195,0.1878125483322164
150000089,GALLETA VINO COSTA 160 g,OTROS ABARROTES,GALLETAS,,3413.8655462184875,3769.53125,5204.662510165357,,3413.8655462184875,5204.662510165357,central mayorista,jumbo,-0.09435276701354112,0.3807187591734005
150000092,JUGO MANZANA C/STEVIA VIVO 190 ml,BEBIDAS,JUGOS,,840.3361344537816,1594.387755102041,,,840.3361344537816,840.3361344537816,central mayorista,central mayorista,-0.4729411764705882,-0.4729411764705882
150000093,JUGO NARANJA C/STEVIA VIVO 190 ml,BEBIDAS,JUGOS,,,1594.387755102041,,1247.235736399823,1247.235736399823,1247.235736399823,otros,otros,-0.21773374613003105,-0.21773374613003105
150000094,JUGO PIÃ‘A C/STEVIA VIVO 190 ml,BEBIDAS,JUGOS,,840.3361344537815,1594.387755102041,,,840.3361344537815,840.3361344537815,central mayorista,central mayorista,-0.4729411764705883,-0.4729411764705883
150000095,MIEL DE ABEJA AMBROSOLI 1 kg,OTROS ABARROTES,MERMELADAS Y DULCES,,,9833.333333333334,10540.216086434575,,10540.216086434575,10540.216086434575,jumbo,jumbo,0.07188638167131267,0.07188638167131267
150000140,"MAYONESA DELI HELLMANNS 1,94 kg",SALSAS Y ADEREZOS,MAYONESAS,2775.0,3590.920904444252,3291.6666666666665,,,2775.0,3590.920904444252,bidfood,central mayorista,-0.15696202531645564,0.09091267983116524
150000158,PURE DE PAPAS EN ESCAMAS KNORR 2 kg,OTROS ABARROTES,OTROS,,5285.714285714286,7000.0,,,5285.714285714286,5285.714285714286,central mayorista,central mayorista,-0.2448979591836734,-0.2448979591836734
150000188,TE YELLOW LABEL LIPTON 100 uds.,CAFE Y DERIVADOS,DESCONTINUADOS,,,22257.83475783476,,29411.764705882353,29411.764705882353,29411.764705882353,otros,otros,0.3214117647058823,0.3214117647058823
150000276,DULCE MEMBRILLO WATTÂ´S 1 kg,OTROS ABARROTES,MERMELADAS Y DULCES,,2546.218487394958,2875.0,3058.823529411765,,2546.218487394958,3058.823529411765,central mayorista,jumbo,-0.11435878699305801,0.0639386189258313
150000298,ESPONJA LAVALOZA VIRUTEX 4 uds.,SUMINISTROS,PRODUCTOS DE LIMPIEZA,,,12916.666666666668,,,,,,,,
150000303,PAÃ‘O LIMPIEZA MULTIUSO VIRUTEX 3 uds.,SUMINISTROS,PRODUCTOS DE LIMPIEZA,,,38995.0,,,,,,,,
150000367,CALDO GALLINA MACROFOOD 1 kg,CONDIMENTOS,CALDOS Y BASES,,2008.4033613445379,1950.0,,,2008.4033613445379,2008.4033613445379,central mayorista,central mayorista,0.029950441715147713,0.029950441715147713
150000368,CREMA CHAMPIÃ‘ON MACROFOOD 1 kg,OTROS ABARROTES,SOPAS Y CREMAS,2990.0,,2250.0,,,2990.0,2990.0,bidfood,bidfood,0.3288888888888888,0.3288888888888888
150000369,CREMA ESPARRAGOS MACROFOOD 1 kg,OTROS ABARROTES,SOPAS Y CREMAS,2120.0,,1847.9,,,2120.0,2120.0,bidfood,bidfood,0.1472482277179501,0.1472482277179501
150000378,JALEA NARANJA MACROFOOD 1 kg,REPOSTERIA,POSTRES EN POLVO,,4470.588235294118,3480.0,,,4470.588235294118,4470.588235294118,central mayorista,central mayorista,0.28465179175118327,0.28465179175118327
150000379,JALEA PIÃ‘A MACROFOOD 1 kg,REPOSTERIA,POSTRES EN POLVO,,,3840.0,,5210.084033613445,5210.084033613445,5210.084033613445,otros,otros,0.3567927170868346,0.3567927170868346
150000409,GALLETA KUKY CLASICA 120 g,OTROS ABARROTES,GALLETAS,8267.0,7002.80112044818,7638.888888888889,9033.613445378152,,7002.80112044818,9033.613445378152,central mayorista,jumbo,-0.08326967150496556,0.1825821237585945
150000425,GALLETA TRITON 126 g,OTROS ABARROTES,GALLETAS,,,5026.455026455027,,6602.641056422569,6602.641056422569,6602.641056422569,otros,otros,0.31357806280406875,0.31357806280406875
150000429,"LECHE CONDENSADA NESTLE 4,5 kg",BOLLERIA,INGREDIENTES REPOSTERIA,3830.0,,,4550.938763414686,,3830.0,4550.938763414686,bidfood,jumbo,,
150000648,ROLLO ALUMINIO 30 cm x 100 m,SUMINISTROS,DESECHABLES,,,6610.294117647059,,,,,,,,
150000698,ROLLO FILM 38 cm x 1400 m,SUMINISTROS,DESECHABLES,,,4674.457429048414,,,,,,,,
150000699,ROLLO FILM 45 cm x 1400 m,SUMINISTROS,DESECHABLES,,,5142.857142857143,,,,,,,,
150000702,LECHE DESCREMADA S/LACTOSA COLUN 1 l,LACTEOS,LECHES,1256.0,,1467.0833333333333,,1243.6974789915967,1243.6974789915967,1256.0,otros,bidfood,-0.15226527986940297,-0.14387957966486786
150000718,YOGHURT NATURAL BOLSA 1 KG COLUN,LACTEOS,YOGHURT,,,1595.5555555555557,1655.4621848739496,,1655.4621848739496,1655.4621848739496,jumbo,jumbo,0.037545937595093726,0.037545937595093726
150000761,CIRUELA CON CAROZO 1 kg,SNACKS Y FRUTOS SECOS,FRUTOS SECOS,,,7990.0,,7478.991596638656,7478.991596638656,7478.991596638656,otros,otros,-0.06395599541443608,-0.06395599541443608
150000764,HUESILLOS MEDIANOS 1 kg,SNACKS Y FRUTOS SECOS,FRUTOS SECOS,,,8000.0,,7554.621848739496,7554.621848739496,7554.621848739496,otros,otros,-0.05567226890756294,-0.05567226890756294
150000769,PASAS MORENAS 1 kg,SNACKS Y FRUTOS SECOS,FRUTOS SECOS,4354.0,,8500.0,,4193.27731092437,4193.27731092437,4354.0,otros,bidfood,-0.5066732575383095,-0.487764705882353
150000772,PIMIENTA NEGRA ENTERA 1 kg,CONDIMENTOS,ESPECIAS,20034.0,,16500.0,,18319.32773109244,18319.32773109244,20034.0,otros,bidfood,0.11026228673287508,0.21418181818181825
150000829,CAFE TRADICIONAL CRUZEIRO 500 g,CAFE Y DERIVADOS,CAFES SOLUBLES,,,22126.436781609194,,23781.51260504202,23781.51260504202,23781.51260504202,otros,otros,0.0748008294226783,0.0748008294226783
150000862,NUEZ CUARTILLO 1 kg,SNACKS Y FRUTOS SECOS,FRUTOS SECOS,11288.0,,11000.0,,10768.90756302521,10768.90756302521,11288.0,otros,bidfood,-0.021008403361344574,0.026181818181818084
150000892,AZUCAR FLOR IANSA 500 g,REPOSTERIA,INGREDIENTES REPOSTERIA,,1663.8655462184875,2480.7692307692305,1831.9327731092437,,1663.8655462184875,1831.9327731092437,central mayorista,jumbo,-0.3292945085010748,-0.2615464790567389
150000893,AZUCAR G2 IANSA 1 kg,FS-Abarrotes FS,Otros Abarrotes FS - Otros,,1008.4033613445379,1218.5,,,1008.4033613445379,1008.4033613445379,central mayorista,central mayorista,-0.17242235425150765,-0.17242235425150765
150000983,ALCAPARRA FRASCO GOURMET 965 G,CONDIMENTOS,SEMILLAS,,8699.438324552619,5357.941834451902,,,8699.438324552619,8699.438324552619,central mayorista,central mayorista,0.6236529983611776,0.6236529983611776
150001049,JUGO DURAZNO C/STEVIA VIVO 190 ML,BEBIDAS,JUGOS,,,1594.387755102041,,1247.235736399823,1247.235736399823,1247.235736399823,otros,otros,-0.21773374613003105,-0.21773374613003105
150001143,YOGHURT BATIDO DAMASCO 125 GR COLUN,LACTEOS,YOGHURT,,,1991.6666666666667,2151.2605042016808,,2151.2605042016808,2151.2605042016808,jumbo,jumbo,0.08013079708870996,0.08013079708870996
150001144,YOGHURT BATIDO FRUTILLA 125 GR COLUN,LACTEOS,YOGHURT,2360.0,,1991.6666666666667,2151.2605042016808,,2151.2605042016808,2360.0,jumbo,bidfood,0.08013079708870996,0.1849372384937238
150001146,YOGHURT BATIDO VAINILLA 125 GR COLUN,LACTEOS,YOGHURT,,1680.6722689075632,1991.6666666666667,,,1680.6722689075632,1680.6722689075632,central mayorista,central mayorista,-0.15614781477444528,-0.15614781477444528
150001186,CREMA CHOCLO MACROFOOD 1 kg,OTROS ABARROTES,SOPAS Y CREMAS,,,1810.0,,2563.8655462184875,2563.8655462184875,2563.8655462184875,otros,otros,0.4165003017781699,0.4165003017781699
150001223,COCA COLA ZERO LATA 6 uds. 350 cc,BEBIDAS,BEBIDAS GASEOSAS,,,2250.0,,1596.6386554621852,1596.6386554621852,1596.6386554621852,otros,otros,-0.29038281979458436,-0.29038281979458436
150001225,COCA COLA LATA 6 uds. 350 cc,BEBIDAS,BEBIDAS GASEOSAS,,,1964.2857142857142,,1796.71868747499,1796.71868747499,1796.71868747499,otros,otros,-0.0853068500127323,-0.0853068500127323
150001266,CAFE TRADICION GRANULADO NESCAFE 420 g,CAFE Y DERIVADOS,CAFES SOLUBLES,,31932.7731092437,45634.920634920636,,29811.924769907968,29811.924769907968,31932.7731092437,otros,central mayorista,-0.3467299963463646,-0.3002557544757033
150001309,FETUCCINI 88 CAROZZI 400 g,OTROS ABARROTES,PASTAS,,1554.6218487394958,2289.9,,2289.915966386555,1554.6218487394958,2289.915966386555,central mayorista,otros,-0.32109618378990534,6.972525679938002e-06
150001407,BOLSA BASURA TRAN 90X110 VIRUTEX 10 uds.,SUMINISTROS,DESECHABLES,,,3684.210526315789,,,,,,,,
150001530,MIEL DE PALMA COCALAN 700 g,OTROS ABARROTES,MERMELADAS Y DULCES,,,15119.047619047618,,16386.55462184874,16386.55462184874,16386.55462184874,otros,otros,0.08383510884668843,0.08383510884668843
150001548,BARRA FRUTOS ROJOS Y YOGURT COSTA 21 g,OTROS ABARROTES,CEREALES,,,6190.476190476191,,9253.701480592237,9253.701480592237,9253.701480592237,otros,otros,0.49482870071105367,0.49482870071105367
150001624,GLUTAMATO MONOSODICO AJINOMOTO 1 kg,CONDIMENTOS,ESPECIAS,,,4500.0,,4865.546218487395,4865.546218487395,4865.546218487395,otros,otros,0.08123249299719881,0.08123249299719881
150001692,VINAGRE BLANCO HERNANDEZ PLAZA 5 l,ACEITES Y VINAGRES,VINAGRES,,,1010.0,,1006.7226890756303,1006.7226890756303,1006.7226890756303,otros,otros,-0.0032448623013561217,-0.0032448623013561217
150001718,TE TWINING ENGLISH BREAKFAST 10 bolsas,CAFE Y DERIVADOS,TE Y OTRAS BEBIDAS CALIENTES,,,140000.0,,138277.31092436975,138277.31092436975,138277.31092436975,otros,otros,-0.012304921968787519,-0.012304921968787519
150001743,GALLETA NIK BOCADO COSTA 71 g,OTROS ABARROTES,GALLETAS,,4615.930879394012,5359.937402190923,6864.717718073145,,4615.930879394012,6864.717718073145,central mayorista,jumbo,-0.13880880819481067,0.28074587499233283
150001747,GALLETA TUAREG COSTA 120 g,OTROS ABARROTES,GALLETAS,3933.3333333333335,3431.372549019608,5042.016806722689,4544.817927170869,,3431.372549019608,4544.817927170869,central mayorista,jumbo,-0.3194444444444444,-0.09861111111111098
150001763,ALMENDRAS 1 kg,SNACKS Y FRUTOS SECOS,FRUTOS SECOS,,,14500.0,,10266.38655462185,10266.38655462185,10266.38655462185,otros,otros,-0.29197334106056216,-0.29197334106056216
150001771,DULCE MEMBRILLO PERELLO 1 kg,BOLLERIA,MERMELADAS Y DULCES,2337.0,1941.1764705882354,2720.0,3058.823529411765,,1941.1764705882354,3058.823529411765,central mayorista,jumbo,-0.28633217993079585,0.12456747404844304
150001787,BARRA GOLDEN CEREAL COSTA 18 g,OTROS ABARROTES,CEREALES,,6979.458450046686,6980.555555555556,,12780.112044817928,6979.458450046686,12780.112044817928,central mayorista,otros,-0.00015716593043890725,0.8308158918163366
150001807,ARROZ G1 NACIONAL TUCAPEL 2 kg,OTROS ABARROTES,ARROZ,,,2530.0,,3307.563025210084,3307.563025210084,3307.563025210084,otros,otros,0.30733716411465783,0.30733716411465783
150001829,CHOCMAN 33 g,FRUTAS Y VERDURAS CONGELADAS,DESCONTINUADOS,,,4545.454545454545,,4507.257448433918,4507.257448433918,4507.257448433918,otros,otros,-0.008403361344537896,-0.008403361344537896
150001832,GALLETA DIN DON 115 g,OTROS ABARROTES,GALLETAS,,3653.635367190355,3726.7080745341614,,,3653.635367190355,3653.635367190355,central mayorista,central mayorista,-0.01960784313725472,-0.01960784313725472
150001930,"POLLO ENTERO 1,9 ARGENTINA CJ 19 kg",POLLO,ENTERO,,,0.0,,,,,,,,
150001938,MERLUZA C/P S/E  1 kg 120-170g IMPORTADA,PESCADOS Y MARISCOS,PESCADOS,,,4590.0,,,,,,,,
150001945,COGOTE CONGELADO IMP,VACUNO CONGELADO,SUBPRODUCTOS,,,6190.0,,,,,,,,
150001952,POSTA ROSADA CAT V CONG BRASIL,VACUNO CONGELADO,POSTA ROSADA,,,,,,,,,,,
150001984,COSTILLAR CERDO 2UN IVP CJ 20 Kg USA,CERDO,COSTILLAR,,,6690.0,,,,,,,,
150001986,CHULETA CERDO CENTRO ENTERA BRASIL 18 kg,CERDO,CHULETA,,,3490.0,,,,,,,,
150001987,CHULETA CERDO VETADA ENTERA BRASIL 18 kg,CERDO,CHULETA,,,3590.0,,,,,,,,
150001998,CARNE MOLIDA 10% MG ABAROA 1 KG,ELABORADOS DE VACUNO,ELABORADOS CRUDOS,,,6290.0,,,,,,,,
201200010,AJI EN CREMA DON JUAN 900 g RRP,SALSAS Y ADEREZOS,SALSAS DE AJI,,1764.7058823529412,1222.2222222222222,,,1764.7058823529412,1764.7058823529412,central mayorista,central mayorista,0.44385026737967914,0.44385026737967914
201200012,KETCHUP DON JUAN 900 g RRP,SALSAS Y ADEREZOS,KETCHUP,,1951.4472455648927,1888.888888888889,,,1951.4472455648927,1951.4472455648927,central mayorista,central mayorista,0.033119130004943154,0.033119130004943154
201200013,MAYONESA DON JUAN CASERA 900 g,SALSAS Y ADEREZOS,MAYONESAS,,2773.109243697479,1444.4444444444443,,2138.188608776844,2138.188608776844,2773.109243697479,otros,central mayorista,0.4802844214608921,0.9198448610213319
201200014,MOSTAZA DON JUAN 900 g RRP,SALSAS Y ADEREZOS,MOSTAZAS,,1279.1783380018674,988.8888888888889,2138.188608776844,,1279.1783380018674,2138.188608776844,central mayorista,jumbo,0.2935511283164951,1.162213199886696
201200082,"PEPINO RODAJAS CORTE LISO 4X1,5 kg NAC.",ACEITUNAS Y ENCURTIDOS,ENCURTIDOS,,,2119.5652173913045,,,,,,,,
201210650,CHUCRUT DON JUAN 1 kg,ACEITUNAS Y ENCURTIDOS,ENCURTIDOS,,3016.8067226890757,2200.0,,2764.7058823529414,2764.7058823529414,3016.8067226890757,otros,central mayorista,0.25668449197860976,0.3712757830404889
201221650,AMERICANA DON JUAN 1 kg,ACEITUNAS Y ENCURTIDOS,ENCURTIDOS,,,2883.8275200000003,3016.8067226890757,,3016.8067226890757,3016.8067226890757,jumbo,jumbo,0.04611205135079488,0.04611205135079488
201222280,MAYONESA MINI DON JUAN 8 g,SALSAS Y ADEREZOS,MINI PORCIONES,,2773.109243697479,2772337.5,,,2773.109243697479,2773.109243697479,central mayorista,central mayorista,-0.9989997216270755,-0.9989997216270755
201222940,SALSA BARBACOA 1 kg,SALSAS Y ADEREZOS,SALSAS ESPECIALES,1815.0,,2333.3333333333335,,,1815.0,1815.0,bidfood,bidfood,-0.2221428571428572,-0.2221428571428572
201230200,SUCEDANEO JUGO LIMON 5 l,SALSAS Y ADEREZOS,SUCEDANEOS DE LIMON,,939.4957983193277,700.0,,,939.4957983193277,939.4957983193277,central mayorista,central mayorista,0.3421368547418968,0.3421368547418968
201230300,VINAGRE VINO TINTO DON JUAN 5 l,ACEITES Y VINAGRES,VINAGRES,,821.8487394957983,740.0,,,821.8487394957983,821.8487394957983,central mayorista,central mayorista,0.11060640472405181,0.11060640472405181
201230700,VINAGRE VINO BLANCO DON JUAN 5 l,ACEITES Y VINAGRES,VINAGRES,,,900.0,,1124.3697478991596,1124.3697478991596,1124.3697478991596,otros,otros,0.24929971988795518,0.24929971988795518
201700212,PF RUSTICAS SAL MARCO POLO 185g x 12 UN,SNACKS Y FRUTOS SECOS,PAPAS FRITAS,,,10270.27027027027,,7787.114845938377,7787.114845938377,7787.114845938377,otros,otros,-0.24178092289547382,-0.24178092289547382
201700222,TERRA VEGETALES RÃšSTICOS 180g DP,SNACKS Y FRUTOS SECOS,PAPAS FRITAS,,,11666.666666666666,,13958.916900093373,13958.916900093373,13958.916900093373,otros,otros,0.19647859143657476,0.19647859143657476
201700287,RAMITAS SALADAS MARCO POLO 75x42g,SNACKS Y FRUTOS SECOS,OTROS SNACKS,,4347.826086956522,5806.8994412520005,,6827.731092436975,4347.826086956522,6827.731092436975,central mayorista,otros,-0.2512654763625275,0.1757963370147284
201700302,Ajo en polvo bolsa 1kg EDRA,CONDIMENTOS,ESPECIAS,,5117.64705882353,4908.0754799999995,8403.361344537816,,5117.64705882353,8403.361344537816,central mayorista,jumbo,0.042699339013329674,0.7121499819594903
201700306,COMINO MOLIDO BOLSA 1KG EDRA,CONDIMENTOS,ESPECIAS,,,13000.0,24089.635854341737,,24089.635854341737,24089.635854341737,jumbo,jumbo,0.8530489118724414,0.8530489118724414
201700307,PIMIENTA NEGRA MOLIDA BOLSA 1KG EDRA,CONDIMENTOS,ESPECIAS,,,19500.0,79831.93277310925,,79831.93277310925,79831.93277310925,jumbo,jumbo,3.093945270415859,3.093945270415859
201700351,PAPAS FRITAS AMERICANAS MARCO POLO 42g,SNACKS Y FRUTOS SECOS,PAPAS FRITAS,,,7404.7619047619055,,9163.665466186474,9163.665466186474,9163.665466186474,otros,otros,0.23753681536923432,0.23753681536923432
201700352,PAPAS FRITAS CASERAS MARCO POLO 42g,SNACKS Y FRUTOS SECOS,PAPAS FRITAS,,,8547.619047619048,,9163.665466186474,9163.665466186474,9163.665466186474,otros,otros,0.07207228295217805,0.07207228295217805
201703050,Mani Salado bolsa 1K,SNACKS Y FRUTOS SECOS,FRUTOS SECOS,,,3700.0,,3941.1764705882356,3941.1764705882356,3941.1764705882356,otros,otros,0.06518282988871227,0.06518282988871227
209100160,Pizza Congelada Margarita 12x410g,PLATOS PREPARADOS,PLATOS PREPARADOS,,,9268.292682926829,15146.546423447428,,15146.546423447428,15146.546423447428,jumbo,jumbo,0.6342326404245908,0.6342326404245908
209100161,Pizza Congelada Jamon ChampiÃ±ones 12x440,PLATOS PREPARADOS,PLATOS PREPARADOS,,,8636.363636363636,14113.827349121466,,14113.827349121466,14113.827349121466,jumbo,jumbo,0.6342326404245908,0.6342326404245908
209100163,PIZZA CONGELADAÂ SALAMIÂ 12x420g,PLATOS PREPARADOS,PLATOS PREPARADOS,,,9268.292682926829,15146.546423447428,,15146.546423447428,15146.546423447428,jumbo,jumbo,0.6342326404245908,0.6342326404245908
40002159,MAQUINA CAFE CAPS LB CLASSY MINI LAVAZZA,FS-Maquinas y Dispensadores,DESCONTINUADOS,,,60926.84210526316,,,,,,,,
92009365,CAJA DEPOSITO BORRA CAFE,MAQUINAS Y REPUESTOS,ACCESORIOS,,,13860.576000000001,,,,,,,,
